SESSION,DATE,landmarkid,utme,utmn
102060,7/2/2012,Nose Tree (Fig Tree),742032,9840414
102061,7/2/2012,Tawny Tree (Talek),742727,9840316
102059,7/2/2012,Moon Den (Fig Tree),0,0
102062,7/3/2012,Moon Den (Fig Tree),0,0
102063,7/3/2012,Tawny Tree (Talek),743002,9840481
102064,7/3/2012,Nose Tree (Fig Tree),0,0
102065,7/3/2012,Fallopian Tree (Fig Tree),741195,9840667
102066,7/3/2012,Moon Den (Fig Tree),0,0
102068,7/4/2012,Sabre Gateway X (Fig Tree),740398,9838532
102069,7/4/2012,Sabre Gateway X (Fig Tree),740909,9838884
102067,7/4/2012,Moon Den (Fig Tree),0,0
102070,7/4/2012,Moon Den (Fig Tree),0,0
102071,7/5/2012,Moon Den (Fig Tree),0,0
102072,7/5/2012,Fallopian Tree (Fig Tree),741414,9840418
102074,7/7/2012,Tawny Tree (Talek),742814,9840344
102075,7/7/2012,Moon Den (Fig Tree),0,0
102076,7/7/2012,MJ Lane Bottom (Fig Tree),739640,9841404
102077,7/7/2012,Nose Tree (Fig Tree),741835,9840430
102079,7/8/2012,Moon Den (Fig Tree),0,0
102078,7/8/2012,MJ Lane Top (Fig Tree),740040,9840144
102082,7/11/2012,Nose Tree (Fig Tree),741580,9840413
102080,7/11/2012,Murram Pit Lugga-East Fork (Fig Tree),740786,9842094
102081,7/11/2012,Moon Den (Fig Tree),0,0
102083,7/13/2012,MJ Lane Top (Fig Tree),740257,9840234
102084,7/13/2012,Moon Den (Fig Tree),0,0
102090,7/14/2012,Tawny Tree (Talek),742873,9840357
102085,7/14/2012,Moon Den (Fig Tree),0,0
102086,7/14/2012,MJ Lane Top (Fig Tree),740269,9840230
102087,7/14/2012,Moon Den (Fig Tree),0,0
102088,7/14/2012,MJ Lane Top (Fig Tree),740269,9840230
102089,7/14/2012,Moon Den (Fig Tree),0,0
102093,7/15/2012,Moon Den (Fig Tree),0,0
102091,7/15/2012,Murram Pit Lugga-East Fork (Fig Tree),740807,9841756
102092,7/15/2012,Murram Pit Lugga-East Fork (Fig Tree),740983,9841762
102094,7/16/2012,Nose Tree (Fig Tree),742332,9840956
102095,7/16/2012,Moon Den (Fig Tree),0,0
102096,7/16/2012,Nose Tree (Fig Tree),741956,9841178
102097,7/17/2012,Tawny Tree (Talek),742900,9841091
102098,7/17/2012,Moon Den (Fig Tree),0,0
102099,7/17/2012,Tawny Tree (Talek),742326,9840391
102100,7/18/2012,Tawny Tree (Talek),743064,9840363
102102,7/18/2012,Moon Den (Fig Tree),0,0
102101,7/18/2012,Tawny Tree (Talek),742830,9840662
102103,7/21/2012,Moon Den (Fig Tree),0,0
102104,7/22/2012,Critter Crossing (Fig Tree),741209,9841014
102105,7/22/2012,Moon Den (Fig Tree),0,0
102105,7/22/2012,MJ Lane Top (Fig Tree),740887,9840320
102106,7/22/2012,Moon Den (Fig Tree),0,0
102107,7/24/2012,Moon Den (Fig Tree),0,0
102108,7/25/2012,MJ Lane Top (Fig Tree),740149,9840210
102110,7/25/2012,Critter Crossing (Fig Tree),741183,9841502
102109,7/25/2012,MJ Lane Top (Fig Tree),740247,9840217
102108,7/25/2012,Deadwood Crossing (Fig Tree),739704,9839953
102108,7/25/2012,Deadwood Crossing (Fig Tree),739194,9840250
102108,7/25/2012,Deadwood Crossing (Fig Tree),739569,9839985
102108,7/25/2012,Moon Den (Fig Tree),0,0
102108,7/25/2012,Buffalo Lugga Communal Den (Fig Tree),0,0
102115,7/26/2012,MJ Lane Top (Fig Tree),740248,984236
102119,7/26/2012,MJ Lane Top (Fig Tree),740096,984182
102118,7/26/2012,Moon Den (Fig Tree),0,0
102117,7/26/2012,Gomer's Lugga (Fig Tree),742297,9840958
102120,7/26/2012,Moon Den (Fig Tree),0,0
102114,7/26/2012,MJ Lane Top (Fig Tree),740001,9840220
102113,7/26/2012,MJ Lane Top (Fig Tree),740248,984236
102112,7/26/2012,Moon Den (Fig Tree),0,0
102111,7/26/2012,Tawny Tree (Talek),743040,9840342
102116,7/26/2012,Tantalizing Communal Den (Fig tree),0,0
102115,7/26/2012,Moon Den (Fig Tree),0,0
102124,7/27/2012,Moon Den (Fig Tree),0,0
102125,7/27/2012,MJ Lane Top (Fig Tree),740252,9840229
102123,7/27/2012,Critter Crossing (Fig Tree),741419,9841174
102122,7/27/2012,Gomer's Lugga (Fig Tree),742530,9840911
102121,7/27/2012,Gomer's Lugga (Fig Tree),742577,9840849
102126,7/27/2012,Moon Den (Fig Tree),0,0
102136,7/28/2012,Gomer's Lugga (Fig Tree),742591,9841454
102141,7/28/2012,Moon Den (Fig Tree),0,0
102145,7/28/2012,Moon Den (Fig Tree),0,0
102144,7/28/2012,MJ Lane Top (Fig Tree),740249,9840236
102142,7/28/2012,MJ Lane Top (Fig Tree),0,0
102140,7/28/2012,MJ Lane Top (Fig Tree),740826,9840330
102139,7/28/2012,MJ Lane Top (Fig Tree),740249,9840236
102138,7/28/2012,Tantalizing Communal Den (Fig tree),0,0
102137,7/28/2012,Moon Den (Fig Tree),0,0
102129,7/28/2012,Moon Den (Fig Tree),0,0
102135,7/28/2012,Fallopian Tree (Fig Tree),741178,9840370
102128,7/28/2012,MJ Lane Top (Fig Tree),740212,9840084
102143,7/28/2012,Tantalizing Communal Den (Fig tree),0,0
102130,7/28/2012,MJ Lane Top (Fig Tree),740848,9840332
102127,7/28/2012,Moon Den (Fig Tree),0,0
102131,7/28/2012,Moon Den (Fig Tree),0,0
102132,7/28/2012,MJ Lane Top (Fig Tree),740915,9840338
102133,7/28/2012,MJ Lane Top (Fig Tree),740212,9840084
102134,7/28/2012,Tantalizing Communal Den (Fig tree),0,0
102156,7/29/2012,Moon Den (Fig Tree),0,0
102151,7/29/2012,MJ Lane Top (Fig Tree),740411,9839629
102157,7/29/2012,Fallopian Tree (Fig Tree),741226,9840377
102155,7/29/2012,Critter Crossing (Fig Tree),741387,9841681
102154,7/29/2012,Gomer's Lugga (Fig Tree),741860,9842062
102153,7/29/2012,Moon Den (Fig Tree),0,0
102152,7/29/2012,Tantalizing Communal Den (Fig tree),0,0
102159,7/29/2012,Moon Den (Fig Tree),0,0
102151,7/29/2012,Tantalizing Communal Den (Fig tree),0,0
102150,7/29/2012,MJ Lane Top (Fig Tree),748846,9840331
102149,7/29/2012,Moon Den (Fig Tree),0,0
102148,7/29/2012,MJ Lane Top (Fig Tree),740891,9840320
102158,7/29/2012,Tantalizing Communal Den (Fig tree),0,0
102148,7/29/2012,Tantalizing Communal Den (Fig tree),0,0
102147,7/29/2012,MJ Lane Top (Fig Tree),740329,9840254
102146,7/29/2012,Moon Den (Fig Tree),0,0
102151,7/29/2012,MJ Lane Top (Fig Tree),740324,9839899
102160,7/30/2012,Nose Tree (Fig Tree),741676,9841157
102161,7/30/2012,MJ Lane Top (Fig Tree),740757,9840322
102162,7/30/2012,MJ Lane Top (Fig Tree),0,0
102166,7/31/2012,Tantalizing Communal Den (Fig tree),0,0
102167,7/31/2012,MJ Lane Top (Fig Tree),740340,9840256
102163,7/31/2012,MJ Lane Top (Fig Tree),740344,9840168
102168,7/31/2012,Moon Den (Fig Tree),0,0
102165,7/31/2012,Moon Den (Fig Tree),0,0
102172,8/2/2012,Deadwood Crossing (Fig Tree),739334,9840203
102173,8/2/2012,MJ Lane Bottom (Fig Tree),739513,9840535
102171,8/2/2012,Deadwood Crossing (Fig Tree),739474,9840085
102171,8/2/2012,MJ Lane Top (Fig Tree),740033,9840201
102170,8/2/2012,Moon Den (Fig Tree),0,0
102169,8/2/2012,Fallopian Tree (Fig Tree),741325,9840418
102174,8/2/2012,Moon Den (Fig Tree),0,0
102175,8/3/2012,Moon Den (Fig Tree),0,0
102176,8/3/2012,Buffalo Lugga Communal Den (Fig Tree),0,0
102176,8/3/2012,MJ Lane Top (Fig Tree),739696,9839992
102176,8/3/2012,MJ Lane Top (Fig Tree),740143,9840204
102177,8/3/2012,Moon Den (Fig Tree),0,0
102178,8/13/2012,MJ Lane Top (Fig Tree),740467,9840287
102179,8/13/2012,MJ Lane Top (Fig Tree),740729,9840319
102179,8/13/2012,MJ Lane Top (Fig Tree),740634,9840027
102180,8/14/2012,MJ Lane Top (Fig Tree),0,0
102181,8/14/2012,Viagra Communal Den (Fig Tree),0,0
102182,8/16/2012,Cheke Communal Den (Fig tree),0,0
102182,8/16/2012,"Pointer Lugga, Top (Prozac)",738181,9839390
102182,8/16/2012,"Pointer Lugga, Top (Prozac)",737436,9839312
102183,8/16/2012,"Pointer Lugga, Top (Prozac)",738112,9839386
102184,8/16/2012,"Pointer Lugga, Top (Prozac)",738219,9839474
102185,8/16/2012,Cheke Communal Den (Fig tree),0,0
102187,8/18/2012,Cheke Communal Den (Fig tree),0,0
102193,8/18/2012,Cub the Place Communal Den (Fig tree),0,0
102192,8/18/2012,Cub the Place Communal Den (Fig tree),0,0
102191,8/18/2012,Murram Pit Lugga-East Fork (Fig Tree),740762,9841843
102190,8/18/2012,Gomer's Lugga (Fig Tree),742318,9840937
102188,8/18/2012,Cheke Communal Den (Fig tree),0,0
102186,8/18/2012,Cub the Place Communal Den (Fig tree),0,0
102189,8/18/2012,Tawny Tree (Talek),742483,9840522
102194,8/20/2012,"Pointer Lugga, Top (Prozac)",738160,9840086
102195,8/20/2012,Cub the Place Communal Den (Fig tree),0,0
102199,8/21/2012,Tawny Tree (Talek),742433,9840406
102196,8/21/2012,Cub the Place Communal Den (Fig tree),0,0
102197,8/21/2012,Critter Crossing (Fig Tree),740774,9841664
102198,8/21/2012,Cub the Place Communal Den (Fig tree),0,0
102202,8/22/2012,Cub the Place Communal Den (Fig tree),0,0
102200,8/22/2012,Sabre Gateway X (Fig Tree),740335,9838508
102201,8/22/2012,Buffalo Lugga (Fig Tree),738588,9841814
102203,8/24/2012,Nose Tree (Fig Tree),741564,9841162
102204,8/24/2012,Cub the Place Communal Den (Fig tree),0,0
102205,8/24/2012,Cub the Place Communal Den (Fig tree),0,0
102206,8/24/2012,MJ Lane Top (Fig Tree),0,0
102206,8/24/2012,MJ Lane Top (Fig Tree),740495,9840660
102206,8/24/2012,Buffalo Lugga Communal Den (Fig Tree),0,0
102206,8/24/2012,Deadwood Crossing (Fig Tree),739175,9840152
102206,8/24/2012,Deadwood Crossing (Fig Tree),739261,9840022
102207,8/27/2012,Cub the Place Communal Den (Fig tree),0,0
102209,9/13/2012,Buffalo Lugga High Crossing (Prozac),737941,9840686
102209,9/13/2012,Thinktank Natal Den (Fig Tree),737806,9840896
102208,9/13/2012,Tawny Tree (Talek),742816,9839836
102209,9/13/2012,Thinktank Natal Den (Fig Tree),737908,9841101
102210,9/14/2012,Atlas Tree (Prozac),736246,9842426
102211,9/14/2012,Topi Swamp (Prozac),0,0
102217,9/18/2012,Umbrella Tree (Prozac),736237,9840893
102222,9/18/2012,Tawny Tree (Talek),742622,9840307
102221,9/18/2012,Deadwood Crossing (Fig Tree),739073,9839921
102220,9/18/2012,"Pointer Lugga, Top (Prozac)",738329,9840038
102219,9/18/2012,"Pointer Lugga, Top (Prozac)",737315,9840327
102218,9/18/2012,"Pointer Lugga, Top (Prozac)",736707,9840453
102216,9/18/2012,Maji Mbali (Prozac),736317,9841160
102215,9/18/2012,Maji Mbali (Prozac),736381,9841280
102214,9/18/2012,Maji Mbali (Prozac),736392,9841258
102213,9/18/2012,Maji Mbali (Prozac),736327,9841510
102212,9/18/2012,Desert Island Tree (Prozac),735811,9839739
102213,9/18/2012,Maji Mbali (Prozac),736392,9841258
102217,9/18/2012,Maji Mbali (Prozac),736317,9841111
102230,9/19/2012,Maji Mbali (Prozac),736601,9841764
102231,9/19/2012,Maji Mbali (Prozac),736523,9841547
102230,9/19/2012,Maji Mbali (Prozac),736315,9841455
102230,9/19/2012,Maji Mbali (Prozac),0,0
102229,9/19/2012,Topi Swamp (Prozac),0,0
102228,9/19/2012,"Pointer Lugga, Top (Prozac)",737449,9840584
102227,9/19/2012,Topi Swamp (Prozac),737139,9841878
102226,9/19/2012,Maji Mbali (Prozac),736381,9841287
102226,9/19/2012,Maji Mbali (Prozac),736364,9841385
102225,9/19/2012,Maji Mbali (Prozac),0,0
102224,9/19/2012,Pallet Town Den (Fig Tree),0,0
102231,9/19/2012,Maji Mbali (Prozac),736303,9841453
102224,9/19/2012,Maji Mbali (Prozac),0,0
102223,9/19/2012,Maji Mbali (Prozac),0,0
102227,9/19/2012,Maji Mbali (Prozac),0,0
102232,9/20/2012,Maji Mbali (Prozac),0,0
102236,9/21/2012,Maji Mbali (Prozac),736428,9841829
102233,9/21/2012,Pallet Town Den (Fig Tree),0,0
102234,9/21/2012,Maji Mbali (Prozac),0,0
102235,9/21/2012,Atlas Tree (Prozac),736300,9842389
102237,9/22/2012,Topi Swamp (Prozac),0,0
102239,9/23/2012,Atlas Tree (Prozac),736584,9842275
102239,9/23/2012,Atlas Tree (Prozac),736653,9842402
102240,9/23/2012,Odd Couple (Prozac),736814,9842743
102240,9/23/2012,Atlas Tree (Prozac),736969,9842450
102240,9/23/2012,Topi Swamp (Prozac),737125,9842169
102240,9/23/2012,Topi Swamp (Prozac),0,0
102238,9/23/2012,Topi Swamp (Prozac),0,0
102241,9/24/2012,Buffalo Lugga High Crossing (Prozac),738786,9841402
102242,9/24/2012,Topi Swamp (Prozac),0,0
102242,9/24/2012,Topi Swamp (Prozac),0,0
102243,9/24/2012,Atlas Tree (Prozac),736899,9842141
102244,9/28/2012,Topi Swamp (Prozac),0,0
102245,9/28/2012,Topi Swamp (Prozac),737395,9841978
102246,10/9/2012,Topi Swamp (Prozac),737267,9842190
102246,10/9/2012,Atlas Tree (Prozac),737102,9842242
102247,10/9/2012,Atlas Tree (Prozac),737102,9842242
102248,10/9/2012,Topi Swamp (Prozac),737226,9841817
102249,10/9/2012,Nose Tree (Fig Tree),742005,9841180
102246,10/9/2012,Twisted Tree (Prozac),737505,9842118
102252,10/13/2012,Twisted Tree (Prozac),0,0
102253,10/13/2012,Kinua Crossing (Fig Tree),739617,9838370
102251,10/13/2012,Odd Couple (Prozac),0,0
102250,10/13/2012,Topi Swamp (Prozac),737312,9842232
102250,10/13/2012,Atlas Tree (Prozac),737119,9842254
102254,10/13/2012,Diamond Crossing (Fig Tree),0,0
102258,10/17/2012,Murram Pit Lugga-East Fork (Fig Tree),740831,9841284
102255,10/17/2012,Topi Swamp (Prozac),737350,9842030
102255,10/17/2012,Topi Swamp (Prozac),737446,9842098
102256,10/17/2012,Maji Mbali (Prozac),736681,9841990
102256,10/17/2012,Maji Mbali (Prozac),736780,9841938
102257,10/17/2012,Maji Mbali (Prozac),736488,9842000
102257,10/17/2012,Maji Mbali (Prozac),736490,9841926
102260,10/18/2012,Maji Mbali (Prozac),736496,9842008
102260,10/18/2012,Atlas Tree (Prozac),736678,9842130
102259,10/18/2012,Buffalo Lugga (Fig Tree),737912,9841926
102260,10/18/2012,Atlas Tree (Prozac),736799,9842191
102260,10/18/2012,Atlas Tree (Prozac),736991,9842185
102266,10/19/2012,Big Bend Crossing (Talek),742705,9839301
102261,10/19/2012,Frida Tree (Fig Tree),740436,9844823
102262,10/19/2012,Maji Mbali (Prozac),736495,9841997
102263,10/19/2012,Atlas Tree (Prozac),736750,9842224
102264,10/19/2012,Atlas Tree (Prozac),0,0
102265,10/19/2012,Maji Mbali (Prozac),0,0
102273,10/20/2012,Diamond Crossing (Fig Tree),739825,9838090
102272,10/20/2012,Chung Chung Magitek Armor Crossing (Fig Tree),738368,9837004
102271,10/20/2012,It's About Effing Time Crossing (Fig Tree),737079,987701
102270,10/20/2012,Charcoal Tree (Prozac),0,0
102269,10/20/2012,Maji Mbali (Prozac),0,0
102267,10/20/2012,Tawny Tree (Talek),742834,9840501
102268,10/20/2012,Nose Tree (Fig Tree),742185,9840429
102275,10/21/2012,Maji Mbali (Prozac),0,0
102277,10/21/2012,Desert Island Tree (Prozac),735792,9839690
102276,10/21/2012,Desert Island Tree (Prozac),735909,9840122
102274,10/21/2012,Maji Mbali (Prozac),736002,9842236
102274,10/21/2012,Maji Mbali (Prozac),736171,9841972
102274,10/21/2012,Maji Mbali (Prozac),0,0
102278,10/22/2012,Murram Pit Lugga-West Fork (Fig Tree),0,0
102279,10/22/2012,Maji Mbali (Prozac),736450,9841917
102279,10/22/2012,Atlas Tree (Prozac),736392,9842375
102280,10/22/2012,Topi Swamp (Prozac),737076,9841520
102280,10/22/2012,Maji Mbali (Prozac),736930,9841451
102281,10/22/2012,Buffalo Lugga High Crossing (Prozac),738877,9841423
102284,10/24/2012,Buffalo Lugga Low Crossing (Prozac),738670,9842470
102282,10/24/2012,Gomer's Lugga (Fig Tree),742956,9841408
102283,10/24/2012,Murram Pit Lugga-East Fork (Fig Tree),740727,9841981
102285,10/25/2012,Mad Hatter (Prozac),735311,9841289
102286,10/25/2012,Umbrella Tree (Prozac),736074,9841085
102287,10/26/2012,Atlas Tree (Prozac),736767,9842652
102288,11/11/2012,Umbrella Tree (Prozac),0,0
102289,11/11/2012,Sabre Gateway X (Fig Tree),0,0
102290,11/13/2012,Topi Swamp (Prozac),737419,9841696
102291,11/15/2012,Chung Chung Magitek Armor Crossing (Fig Tree),737852,9837980
102292,11/17/2012,Chung Chung Magitek Armor Crossing (Fig Tree),738686,9838442
102293,11/17/2012,MJ Lane Top (Fig Tree),740595,9840074
102294,11/17/2012,Tawny Tree (Talek),742362,9839082
102299,11/25/2012,Fallopian Tree (Fig Tree),741173,9840366
102296,11/25/2012,MJ Lane Top (Fig Tree),740584,9839970
102295,11/25/2012,Chung Chung Magitek Armor Crossing (Fig Tree),738351,9837958
102298,11/25/2012,Buffalo Lugga High Crossing (Prozac),738433,9841216
102297,11/25/2012,Buffalo Lugga High Crossing (Prozac),738507,9841104
102300,11/26/2012,Tawny Tree (Talek),742626,9840291
102301,11/26/2012,MJ Lane Top (Fig Tree),740440,9840292
102302,11/26/2012,Fallopian Tree (Fig Tree),741275,9840809
102303,11/27/2012,MJ Lane Bottom (Fig Tree),739181,9841234
102303,11/27/2012,Buffalo Lugga High Crossing (Prozac),739091,9841382
102304,11/27/2012,Buffalo Lugga High Crossing (Prozac),738844,9840747
102305,11/27/2012,Buffalo Lugga High Crossing (Prozac),737971,9840908
102306,11/27/2012,Buffalo Lugga High Crossing (Prozac),739055,9841390
102307,11/29/2012,Imperial Crossing (Fig Tree),741916,9838752
102307,11/29/2012,Crescent Tree (Talek West),741757,9838302
102308,12/1/2012,Deep Fried Den (Fig Tree),735417,9839374
102309,12/2/2012,Imperial Crossing (Fig Tree),0,0
102310,12/2/2012,Crescent Tree (Talek West),741664,9837326
102311,12/3/2012,Nose Tree (Fig Tree),741689,9840820
102312,12/5/2012,Nose Tree (Fig Tree),0,0
102312,12/5/2012,Fallopian Tree (Fig Tree),741197,9840900
102315,12/6/2012,Deadwood Crossing (Fig Tree),738801,9839806
102317,12/6/2012,"Pointer Lugga, Top (Prozac)",737502,9838599
102318,12/6/2012,Sodom Apple Den (Fig Tree),0,0
102317,12/6/2012,Deadwood Crossing (Fig Tree),738370,9839129
102316,12/6/2012,Deadwood Crossing (Fig Tree),738735,9839635
102315,12/6/2012,Deadwood Crossing (Fig Tree),738598,9839434
102314,12/6/2012,Deadwood Crossing (Fig Tree),739216,9839795
102314,12/6/2012,Deadwood Crossing (Fig Tree),739310,9840103
102313,12/6/2012,Sodom Apple Den (Fig Tree),0,0
102313,12/6/2012,MJ Lane Top (Fig Tree),740266,9840503
102313,12/6/2012,MJ Lane Top (Fig Tree),740370,9839973
102315,12/6/2012,Deadwood Crossing (Fig Tree),738922,9840150
102326,12/7/2012,Tawny Tree (Talek),742824,9840300
102327,12/7/2012,Sodom Apple Den (Fig Tree),0,0
102325,12/7/2012,Tawny Tree (Talek),742857,9840522
102324,12/7/2012,MJ Lane Bottom (Fig Tree),739281,9840454
102324,12/7/2012,Buffalo Lugga High Crossing (Prozac),738939,9840856
102323,12/7/2012,Buffalo Lugga (Fig Tree),738029,9841662
102321,12/7/2012,Sodom Apple Den (Fig Tree),0,0
102320,12/7/2012,Nose Tree (Fig Tree),741592,9840404
102319,12/7/2012,Tawny Tree (Talek),742828,9839834
102319,12/7/2012,Tawny Tree (Talek),742474,9839770
102319,12/7/2012,Tawny Tree (Talek),742397,9839940
102319,12/7/2012,Nose Tree (Fig Tree),0,0
102328,12/7/2012,Buffalo Lugga (Fig Tree),0,0
102322,12/7/2012,MJ Lane Top (Fig Tree),740392,9840080
102331,12/9/2012,Tawny Tree (Talek),742785,9840364
102332,12/9/2012,Sodom Apple Den (Fig Tree),0,0
102331,12/9/2012,Tawny Tree (Talek),742341,9840684
102330,12/9/2012,Gomer's Lugga (Fig Tree),742409,9840670
102329,12/9/2012,Tawny Tree (Talek),742923,9840852
102334,12/18/2012,MJ Lane Top (Fig Tree),739578,9840103
102335,12/18/2012,Pond Lugga Crossing (Talek),741127,985517
102333,12/18/2012,Sodom Apple Den (Fig Tree),0,0
102336,1/10/2013,Buffalo Lugga High Crossing (Prozac),738064,9841267
102337,1/10/2013,MJ Lane Bottom (Fig Tree),740435,9841348
102337,1/10/2013,Critter Crossing (Fig Tree),740845,9841241
102337,1/10/2013,Critter Crossing (Fig Tree),0,0
102338,1/15/2013,MJ Lane Bottom (Fig Tree),739480,9841396
102339,1/17/2013,Buffalo Lugga High Crossing (Prozac),738966,9846074
102341,2/3/2013,Sodom Apple Den (Fig Tree),0,0
102340,2/3/2013,Sodom Apple Den (Fig Tree),0,0
102340,2/3/2013,MJ Lane Top (Fig Tree),740350,9839606
102342,2/4/2013,Deadwood Crossing (Fig Tree),7399461,9839048
102344,2/4/2013,Sodom Apple Den (Fig Tree),0,0
102345,2/4/2013,Deadwood Crossing (Fig Tree),739461,9839048
102345,2/4/2013,Sodom Apple Den (Fig Tree),0,0
102343,2/4/2013,Sodom Apple Den (Fig Tree),0,0
102346,2/5/2013,Sodom Apple Den (Fig Tree),0,0
102347,2/5/2013,Sodom Apple Den (Fig Tree),0,0
102349,2/6/2013,Imperial Crossing (Fig Tree),741474,9838626
102349,2/6/2013,Crescent Tree (Talek West),741689,9838212
102349,2/6/2013,Imperial Crossing (Fig Tree),741273,9838850
102348,2/6/2013,Sodom Apple Den (Fig Tree),0,0
102349,2/6/2013,MJ Lane Top (Fig Tree),740548,9839536
102349,2/6/2013,Sodom Apple Den (Fig Tree),0,0
102349,2/6/2013,Imperial Crossing (Fig Tree),741064,9839254
102350,2/7/2013,Sodom Apple Den (Fig Tree),0,0
102352,2/7/2013,Sabre Gateway X (Fig Tree),740315,9838410
102352,2/7/2013,Sabre Gateway X (Fig Tree),740315,9838410
102351,2/7/2013,Sodom Apple Den (Fig Tree),0,0
102353,2/7/2013,Sabre Gateway X (Fig Tree),740315,9838410
102357,2/8/2013,MJ Lane Top (Fig Tree),741097,9839440
102356,2/8/2013,Nose Tree (Fig Tree),741660,9840362
102358,2/8/2013,MJ Lane Top (Fig Tree),740598,9840300
102357,2/8/2013,Sabre Gateway X (Fig Tree),740998,9838602
102357,2/8/2013,Sabre Gateway X (Fig Tree),741059,9838780
102357,2/8/2013,Imperial Crossing (Fig Tree),741062,9839105
102357,2/8/2013,Sabre Gateway X (Fig Tree),741024,9839210
102357,2/8/2013,MJ Lane Top (Fig Tree),741320,9839893
102357,2/8/2013,Fallopian Tree (Fig Tree),741381,9840048
102354,2/8/2013,Nose Tree (Fig Tree),741657,9840421
102356,2/8/2013,Fallopian Tree (Fig Tree),741537,9840216
102357,2/8/2013,Fallopian Tree (Fig Tree),741457,9840141
102355,2/8/2013,Fallopian Tree (Fig Tree),741509,9840386
102357,2/8/2013,MJ Lane Top (Fig Tree),741202,9839689
102360,2/10/2013,Sodom Apple Den (Fig Tree),0,0
102361,2/10/2013,MJ Lane Top (Fig Tree),740086,9840170
102359,2/10/2013,Fallopian Tree (Fig Tree),741240,9840474
102362,2/10/2013,Fallopian Tree (Fig Tree),741245,9840384
102363,2/13/2013,Sodom Apple Den (Fig Tree),0,0
102364,2/13/2013,Sodom Apple Den (Fig Tree),0,0
102365,2/14/2013,Sodom Apple Den (Fig Tree),0,0
102366,2/14/2013,Sodom Apple Den (Fig Tree),0,0
102367,2/14/2013,0,738515,9842424
102368,2/15/2013,Sodom Apple Den (Fig Tree),0,0
102369,2/15/2013,Deadwood Crossing (Fig Tree),738495,9839536
102369,2/15/2013,Sodom Apple Den (Fig Tree),0,0
102369,2/15/2013,Deadwood Crossing (Fig Tree),738308,9839155
102370,2/16/2013,Sodom Apple Den (Fig Tree),0,0
102371,2/16/2013,Sodom Apple Den (Fig Tree),0,0
102371,2/16/2013,MJ Lane Top (Fig Tree),739900,9839828
102371,2/16/2013,MJ Lane Top (Fig Tree),0,0
102371,2/16/2013,Murram Pit (Fig Tree),740795,9841195
102371,2/16/2013,Critter Crossing (Fig Tree),741149,9841440
102372,2/25/2013,Sodom Apple Den (Fig Tree),0,0
102373,2/26/2013,Double Crossing (Fig Tree),738534,9847038
102374,2/26/2013,Double Crossing (Fig Tree),0,0
102373,2/26/2013,Double Crossing (Fig Tree),737865,9846921
102375,3/4/2013,MJ Lane Top (Fig Tree),740268,9840238
102376,3/6/2013,Apache Lugga (Fig Tree),737674,9845203
102377,3/6/2013,Apache Lugga (Fig Tree),737515,9845184
102377,3/6/2013,Apache Lugga (Fig Tree),737451,9845259
102378,3/6/2013,Double Crossing (Fig Tree),737148,9846273
102379,3/6/2013,Apache Lugga (Fig Tree),737876,9845733
102380,3/6/2013,Twin Lugga (Fig Tree),741390,9842632
102381,3/6/2013,Twin Lugga (Fig Tree),742186,9842653
102382,3/8/2013,Sodom Apple Den (Fig Tree),0,0
102385,3/16/2013,Buffalo Lugga Communal Den (Fig Tree),0,0
102384,3/16/2013,Deadwood Crossing (Fig Tree),739844,9839763
102384,3/16/2013,Sodom Apple Den (Fig Tree),0,0
102383,3/16/2013,Sodom Apple Den (Fig Tree),0,0
102386,3/18/2013,Buffalo Lugga Communal Den (Fig Tree),0,0
102387,3/18/2013,Fallopian Tree (Fig Tree),741237,9840397
102388,3/20/2013,Frida Tree (Fig Tree),741221,9846109
102389,3/20/2013,Double Crossing (Fig Tree),737767,9846885
102390,3/20/2013,Murram Pit (Fig Tree),739699,9843509
102391,4/14/2013,MJ Lane Top (Fig Tree),741023,9840330
102392,4/16/2013,MJ Lane Top (Fig Tree),740727,9830316
102393,4/16/2013,MJ Lane Top (Fig Tree),740267,9840238
102395,4/24/2013,Nose Tree (Fig Tree),741707,9840435
102394,4/24/2013,MJ Lane Top (Fig Tree),740478,9840316
102396,4/30/2013,MJ Lane Top (Fig Tree),740433,9840291
102397,4/30/2013,Buffalo Lugga High Crossing (Prozac),738554,9840798
102398,4/30/2013,"Pointer Lugga, Top (Prozac)",738050,9839934
102399,4/30/2013,MJ Lane Top (Fig Tree),0,0
102402,5/6/2013,Deadwood Crossing (Fig Tree),739035,9839755
102400,5/6/2013,Buffalo Lugga High Crossing (Prozac),738621,9840395
102402,5/6/2013,Deadwood Crossing (Fig Tree),738872,9839871
102401,5/6/2013,Deadwood Crossing (Fig Tree),739023,9839809
102400,5/6/2013,Deadwood Crossing (Fig Tree),738790,9839815
102402,5/6/2013,Deadwood Crossing (Fig Tree),738968,9839600
102403,5/13/2013,Imperial Crossing (Fig Tree),0,0
102403,5/13/2013,Imperial Crossing (Fig Tree),742371,9838597
102404,5/13/2013,Big Bend Crossing (Talek),742865,9839035
102405,5/13/2013,Imperial Crossing (Fig Tree),742662,9839092
102406,5/13/2013,Deadwood Crossing (Fig Tree),739428,9840149
102407,5/13/2013,Deadwood Crossing (Fig Tree),739407,9840035
102408,5/16/2013,Atlas Tree (Prozac),736678,9842231
102410,5/17/2013,Deadwood Crossing (Fig Tree),739461,9839962
102412,5/17/2013,Buffalo Lugga High Crossing (Prozac),738568,9840438
102410,5/17/2013,Maji Mbali (Prozac),736712,9841968
102410,5/17/2013,Topi Swamp (Prozac),737238,9841395
102410,5/17/2013,Buffalo Lugga High Crossing (Prozac),737550,9840871
102410,5/17/2013,Buffalo Lugga High Crossing (Prozac),738893,9840525
102409,5/17/2013,Sabre Gateway X (Fig Tree),740725,9838578
102410,5/17/2013,Buffalo Lugga High Crossing (Prozac),738230,9840605
102416,5/19/2013,MJ Lane Bottom (Fig Tree),739445,9841268
102414,5/19/2013,Buffalo Lugga High Crossing (Prozac),738628,9840323
102416.1,5/19/2013,MJ Lane Bottom (Fig Tree),739269,9840477
102416,5/19/2013,MJ Lane Bottom (Fig Tree),739517,9841078
102416,5/19/2013,MJ Lane Bottom (Fig Tree),739455,9841522
102416,5/19/2013,MJ Lane Bottom (Fig Tree),739243,9841403
102416,5/19/2013,MJ Lane Bottom (Fig Tree),739401,9840438
102414,5/19/2013,Buffalo Lugga High Crossing (Prozac),738659,9840255
102415,5/19/2013,MJ Lane Bottom (Fig Tree),0,0
102413,5/19/2013,Buffalo Lugga High Crossing (Prozac),738930,9840503
102416,5/19/2013,MJ Lane Bottom (Fig Tree),739534,9840898
102417,5/20/2013,MJ Lane Top (Fig Tree),0,0
102419,5/21/2013,Sodom Apple Den (Fig Tree),0,0
102420,5/21/2013,MJ Lane Top (Fig Tree),0,0
102418,5/21/2013,Sodom Apple Den (Fig Tree),0,0
102420,5/21/2013,MJ Lane Top (Fig Tree),740653,9840182
102421,6/3/2013,Beach Tree (Prozac),739470,9842890
102422,6/3/2013,Buffalo Lugga High Crossing (Prozac),737921,9841219
102423,6/4/2013,Buffalo Lugga High Crossing (Prozac),738619,9841050
102424,6/8/2013,Buffalo Lugga High Crossing (Prozac),738929,9841380
102426,7/17/2013,Buffalo Lugga High Crossing (Prozac),738144,9841426
102427,7/17/2013,Buffalo Lugga High Crossing (Prozac),0,0
102425,7/17/2013,MJ Lane Bottom (Fig Tree),739487,9841398
102425,7/17/2013,Beach Tree (Prozac),739371,9841705
102428,7/18/2013,Buffalo Lugga High Crossing (Prozac),738957,9840676
102429,7/18/2013,Mancala Den (Fig tree),0,0
102430,7/19/2013,Mancala Den (Fig tree),0,0
102431,7/23/2013,Critter Crossing (Fig Tree),740969,9840229
102432,7/24/2013,Mancala Den (Fig tree),0,0
102433,7/24/2013,Mancala Den (Fig tree),738768,9840853
102434,7/24/2013,Mancala Den (Fig tree),0,0
102435,7/26/2013,Buffalo Lugga Low Crossing (Prozac),0,0
102442,7/27/2013,Mancala Den (Fig tree),0,0
102441,7/27/2013,Buffalo Lugga Low Crossing (Prozac),738377,9841317
102441,7/27/2013,Buffalo Lugga Low Crossing (Prozac),0,0
102440,7/27/2013,Buffalo Lugga Low Crossing (Prozac),737888,9842016
102440,7/27/2013,Buffalo Lugga Low Crossing (Prozac),0,0
102439,7/27/2013,Buffalo Lugga High Crossing (Prozac),738549,9841182
102438,7/27/2013,Mancala Den (Fig tree),738765,9840987
102437,7/27/2013,Mancala Den (Fig tree),0,0
102436,7/27/2013,Mancala Den (Fig tree),0,0
102436,7/27/2013,Buffalo Lugga High Crossing (Prozac),738643,9841202
102443,7/28/2013,Mancala Den (Fig tree),738632,
102444,7/28/2013,Mancala Den (Fig tree),0,0
102445,7/29/2013,Deadwood Crossing (Fig Tree),739586,9839633
102446,7/30/2013,Mancala Den (Fig tree),0,0
102447,7/30/2013,Buffalo Lugga High Crossing (Prozac),738455,9841320
102452,8/4/2013,Mancala Den (Fig tree),0,0
102448,8/4/2013,Deadwood Crossing (Fig Tree),738795,9839682
102448,8/4/2013,Deadwood Crossing (Fig Tree),738885,9839313
102449,8/4/2013,Kinua Crossing (Fig Tree),739097,9838202
102450,8/4/2013,Kinua Crossing (Fig Tree),739390,9838334
102451,8/4/2013,Kinua Crossing (Fig Tree),739376,9838518
102456,8/6/2013,Mancala Den (Fig tree),0,0
102455,8/6/2013,Imperial Crossing (Fig Tree),742011,9836692
102454,8/6/2013,Sabre Gateway X (Fig Tree),740021,9838561
102453,8/6/2013,Mancala Den (Fig tree),0,0
102453,8/6/2013,Deadwood Crossing (Fig Tree),739455,9840016
102453,8/6/2013,Buffalo Lugga High Crossing (Prozac),739057,9840495
102462,8/8/2013,Critter Crossing (Fig Tree),741170,9841512
102464,8/8/2013,Beach Tree (Prozac),739778,9842424
102464,8/8/2013,Beach Tree (Prozac),0,0
102464,8/8/2013,Beach Tree (Prozac),739778,9842424
102463,8/8/2013,Murram Pit Lugga-West Fork (Fig Tree),740344,9841880
102460,8/8/2013,Beach Tree (Prozac),739257,9842213
102459,8/8/2013,Beach Tree (Prozac),739853,9842316
102458,8/8/2013,Beach Tree (Prozac),739504,9842040
102458,8/8/2013,Beach Tree (Prozac),739264,9841920
102457,8/8/2013,Mancala Den (Fig tree),0,0
102461,8/8/2013,Olive Den (Fig Tree),0,0
102465,8/8/2013,Beach Tree (Prozac),739146,9841953
102466,8/12/2013,Deadwood Crossing (Fig Tree),738855,9839925
102467,8/12/2013,Olive Den (Fig Tree),0,0
102467,8/12/2013,Olive Den (Fig Tree),738112,9841188
102467,8/12/2013,Olive Den (Fig Tree),0,0
102469,8/18/2013,Buffalo Lugga High Crossing (Prozac),738065,9841095
102470,8/18/2013,Olive Den (Fig Tree),0,0
102468,8/18/2013,Buffalo Lugga High Crossing (Prozac),737938,9841025
102471,8/20/2013,Fallopian Tree (Fig Tree),741453,9840029
102472,8/21/2013,Murram Pit Lugga-West Fork (Fig Tree),739898,9841706
102473,8/21/2013,Buffalo Lugga High Crossing (Prozac),0,0
102474,8/21/2013,Olive Den (Fig Tree),0,0
102475,8/24/2013,Buffalo Lugga High Crossing (Prozac),738485,9842298
102476,8/24/2013,Buffalo Lugga High Crossing (Prozac),738034,9841236
102477,8/24/2013,Olive Den (Fig Tree),737943,9841029
102477,8/24/2013,Olive Den (Fig Tree),737947,9840934
102478,8/24/2013,Olive Den (Fig Tree),0,0
102480,8/25/2013,Buffalo Lugga High Crossing (Prozac),738372,9840547
102479,8/25/2013,Umbrella Tree (Prozac),735837,9841034
102482,8/27/2013,Coworkers Den (Fig Tree),0,0
102481.1,8/27/2013,Topi Swamp (Prozac),0,0
102481,8/27/2013,Coworkers Den (Fig Tree),0,0
102481,8/27/2013,Topi Swamp (Prozac),737491,9842014
102481,8/27/2013,Maji Mbali (Prozac),736972,9841349
102483,8/29/2013,Kinua Crossing (Fig Tree),739482,9837785
102484,8/31/2013,Coworkers Den (Fig Tree),0,0
102484,8/31/2013,Maji Mbali (Prozac),736985,9841215
102485,8/31/2013,Coworkers Den (Fig Tree),0,0
102486,8/31/2013,Chung Chung Magitek Armor Crossing (Fig Tree),738512,9837445
102487,8/31/2013,Sabre Gateway X (Fig Tree),740321,9838243
102488,9/3/2013,Coworkers Den (Fig Tree),0,0
102490,9/5/2013,Coworkers Den (Fig Tree),0,0
102489,9/5/2013,MJ Lane Bottom (Fig Tree),739663,9841417
102494,9/7/2013,Chung Chung Magitek Armor Crossing (Fig Tree),738626,9836959
102493,9/7/2013,It's About Effing Time Crossing (Fig Tree),0,0
102491,9/7/2013,MJ Lane Bottom (Fig Tree),740263,9841314
102492,9/7/2013,MJ Lane Bottom (Fig Tree),739655,9841414
102495,9/9/2013,0,737294,9840990
102495,9/9/2013,Coworkers Den (Fig Tree),0,0
102501,9/11/2013,0,737852,9841363
102504,9/11/2013,MJ Lane Bottom (Fig Tree),740363,9841404
102496,9/11/2013,Coworkers Den (Fig Tree),0,0
102503,9/11/2013,MJ Lane Bottom (Fig Tree),739640,9841399
102502,9/11/2013,0,737680,9841679
102500,9/11/2013,Topi Swamp (Prozac),737395,9841970
102499,9/11/2013,Topi Swamp (Prozac),737325,9842156
102497,9/11/2013,Twisted Tree (Prozac),737519,9842105
102500,9/11/2013,Topi Swamp (Prozac),737385,9841999
102498,9/11/2013,Topi Swamp (Prozac),737269,9842225
102505,9/13/2013,MJ Lane Bottom (Fig Tree),739649,9841391
102506,9/13/2013,Buffalo Lugga High Crossing (Prozac),0,0
102506,9/13/2013,Topi Swamp (Prozac),0,0
102507,9/13/2013,MJ Lane Bottom (Fig Tree),739649,9841391
102508,9/14/2013,Coworkers Den (Fig Tree),0,0
102510,9/15/2013,0,737770,9841686
102509.1,9/15/2013,Topi Swamp (Prozac),0,0
102511,9/15/2013,Coworkers Den (Fig Tree),0,0
102509,9/15/2013,Coworkers Den (Fig Tree),0,0
102513,9/16/2013,Coworkers Den (Fig Tree),0,0
102514,9/16/2013,0,736424,9839400
102515,9/16/2013,Coworkers Den (Fig Tree),0,0
102512,9/16/2013,MJ Lane Bottom (Fig Tree),739683,9841389
102516,9/17/2013,Coworkers Den (Fig Tree),0,0
102517,9/18/2013,Fallopian Tree (Fig Tree),741286,9840473
102518,9/28/2013,Coworkers Den (Fig Tree),0,0
102519,9/28/2013,Atlas Tree (Prozac),736653,9842300
102522,10/8/2013,MJ Lane Top (Fig Tree),741114,9840238
102520,10/8/2013,Maji Mbali (Prozac),736367,9840886
102521,10/8/2013,Coworkers Den (Fig Tree),0,0
102530,10/12/2013,Coworkers Den (Fig Tree),0,0
102523,10/12/2013,Coworkers Den (Fig Tree),0,0
102524,10/12/2013,Maji Mbali (Prozac),736418,9841459
102525,10/12/2013,Coworkers Den (Fig Tree),0,0
102526,10/12/2013,Maji Mbali (Prozac),736536,9841408
102527,10/12/2013,Maji Mbali (Prozac),736416,9841484
102528,10/12/2013,Charcoal Tree (Prozac),736285,9843039
102529,10/12/2013,Charcoal Tree (Prozac),0,0
102531,10/14/2013,Deadwood Crossing (Fig Tree),739209,9840162
102532,10/14/2013,MJ Lane Top (Fig Tree),0,0
102533,10/16/2013,Coworkers Den (Fig Tree),0,0
102534,10/16/2013,Buffalo Lugga Low Crossing (Prozac),738178,9842099
102535,10/16/2013,Coworkers Den (Fig Tree),0,0
102538,10/19/2013,Atlas Tree (Prozac),736856,9842065
102541,10/19/2013,Grove Den (Fig Tree),0,0
102537,10/19/2013,Buffalo Lugga (Fig Tree),737702,9841484
102536,10/19/2013,Coworkers Den (Fig Tree),0,0
102539,10/19/2013,Coworkers Den (Fig Tree),0,0
102540,10/19/2013,Deadwood Crossing (Fig Tree),739753,9840041
102542,10/23/2013,Umbrella Tree (Prozac),735979,9841055
102542,10/23/2013,Maji Mbali (Prozac),736219,9841134
102543,10/23/2013,Coworkers Den (Fig Tree),0,0
102544,10/26/2013,Topi Swamp (Prozac),737125,9841851
102545,10/26/2013,Coworkers Den (Fig Tree),0,0
102546,10/26/2013,Buffalo Lugga High Crossing (Prozac),738765,9840310
102550,10/29/2013,Coworkers Den (Fig Tree),0,0
102547,10/29/2013,Coworkers Den (Fig Tree),737451,9840608
102548,10/29/2013,Coworkers Den (Fig Tree),736450,9840869
102549,10/29/2013,Coworkers Den (Fig Tree),0,0
102551,10/30/2013,Buffalo Lugga High Crossing (Prozac),0,0
102552,10/30/2013,Coworkers Den (Fig Tree),736822,9840878
102553,11/1/2013,Beach Tree (Prozac),0,0
102554,11/2/2013,Helicopter Crossing (Fig Tree),738160,9843568
102555,11/2/2013,Helicopter Crossing (Fig Tree),0,0
102556,11/2/2013,Coworkers Den (Fig Tree),0,0
102557,11/2/2013,Coworkers Den (Fig Tree),736781,9840232
102558,11/4/2013,Buffalo Lugga High Crossing (Prozac),737522,9840857
102559,11/10/2013,Umbrella Tree (Prozac),735914,9841036
102560,11/15/2013,Buffalo Lugga High Crossing (Prozac),738041,9841485
102561,11/15/2013,Pallet Town Den (Fig Tree),0,0
102563,11/18/2013,Pallet Town Den (Fig Tree),0,0
102562,11/18/2013,Pallet Town Den (Fig Tree),736453,9840954
102564,11/24/2013,Pallet Town Den (Fig Tree),0,0
102565,11/24/2013,Buffalo Lugga High Crossing (Prozac),738049,9840614
102566,11/26/2013,Pallet Town Den (Fig Tree),736528,9840963
102567,11/26/2013,Pallet Town Den (Fig Tree),0,0
102568,11/26/2013,Pallet Town Den (Fig Tree),0,0
102572,12/2/2013,Atlas Tree (Prozac),736811,9842634
102569,12/2/2013,Topi Swamp (Prozac),737075,9842146
102570,12/2/2013,Topi Swamp (Prozac),737347,9841970
102571,12/2/2013,Pallet Town Den (Fig Tree),0,0
102575,12/8/2013,Passion Fanta Den (Fig Tree),0,0
102573,12/8/2013,Passion Fanta Den (Fig Tree),0,0
102574,12/8/2013,Passion Fanta Den (Fig Tree),0,0
102576,12/9/2013,MJ Lane Bottom (Fig Tree),739345,9841395
102577,12/9/2013,Buffalo Lugga High Crossing (Prozac),738764,9841301
102578,12/9/2013,Topi Swamp (Prozac),737206,9841685
102579,12/9/2013,Tempest Den (Fig Tree),0,0
102578.1,12/9/2013,Maji Mbali (Prozac),736777,9841544
102581,12/21/2013,Nancy Drew Den (Fig Tree),0,0
102582,12/21/2013,Lu's Natal Den 2013 (Fig Tree),738941,9839498
102581,12/21/2013,Lu's Natal Den 2013 (Fig Tree),738734,9839935
102580,12/21/2013,Lu's Natal Den 2013 (Fig Tree),0,0
102583,12/21/2013,Lu's Natal Den 2013 (Fig Tree),0,0
102584,12/26/2013,MJ Lane Top (Fig Tree),740262,9840216
102585,12/27/2013,Umbrella Tree (Prozac),736041,9840946
102586,12/27/2013,Nancy Drew Den (Fig Tree),0,0
102587,1/3/2014,MJ Lane Top (Fig Tree),740284,9840440
102588,1/4/2014,Nancy Drew Den (Fig Tree),0,0
102589,1/4/2014,Nancy Drew Den (Fig Tree),0,0
102590,1/9/2014,MJ Lane Top (Fig Tree),739495,9840181
102591,1/9/2014,Chung Chung Magitek Armor Crossing (Fig Tree),738738,9837573
102592,1/9/2014,Nancy Drew Den (Fig Tree),0,0
102593,1/11/2014,Nancy Drew Den (Fig Tree),0,0
102594,1/13/2014,Nancy Drew Den (Fig Tree),0,0
102597,1/17/2014,Nancy Drew Den (Fig Tree),739471,9840311
102597,1/17/2014,Nancy Drew Den (Fig Tree),739339,9839923
102597,1/17/2014,Nancy Drew Den (Fig Tree),739131,9839915
102595,1/17/2014,0,736062,9839527
102596,1/17/2014,Nancy Drew Den (Fig Tree),0,0
102598,1/23/2014,Helicopter Crossing (Fig Tree),738994,9842959
102599,1/23/2014,Nancy Drew Den (Fig Tree),0,0
102600,1/27/2014,Deadwood Crossing (Fig Tree),739202,9838576
102601,1/27/2014,Chung Chung Magitek Armor Crossing (Fig Tree),747739,9838112
102602,1/27/2014,Nancy Drew Den (Fig Tree),0,0
102603,1/30/2014,Deadwood Crossing (Fig Tree),738824,9840035
102603,1/30/2014,Nancy Drew Den (Fig Tree),0,0
102604,2/2/2014,Nancy Drew Den (Fig Tree),0,0
102606,2/10/2014,MJ Lane Top (Fig Tree),739947,9840124
102605,2/10/2014,Nancy Drew Den (Fig Tree),0,0
102607,2/26/2014,Apache Lugga (Fig Tree),737537,9845376
102608,2/26/2014,Double Crossing (Fig Tree),737947,9846797
102609,2/26/2014,Double Crossing (Fig Tree),737526,9846606
102610,2/27/2014,Buffalo Lugga High Crossing (Prozac),738998,9840355
102611,2/28/2014,MJ Lane Top (Fig Tree),739585,9840074
102612,2/28/2014,MJ Lane Top (Fig Tree),0,0
102613,3/1/2014,Deadwood Crossing (Fig Tree),739563,9838726
102614,3/1/2014,Chung Chung Magitek Armor Crossing (Fig Tree),738286,9837471
102615,3/1/2014,It's About Effing Time Crossing (Fig Tree),737643,9837509
102616,3/12/2014,High-top Lugga (Prozac),737074,9837269
102617,3/18/2014,Deadwood Crossing (Fig Tree),739000,9840200
102618,3/18/2014,Nose Tree (Fig Tree),741659,9841247
102619,3/19/2014,MJ Lane Bottom (Fig Tree),739194,9840395
102620,3/21/2014,Murram Pit Lugga-East Fork (Fig Tree),740829,9841755
