SESSION,DATE,landmarkid,utme,utmn,clan
S9698,11/8/2012,Comatose Culvert (HZ),718410,9841242,happy zebra
S9699,11/12/2012,Culvert City (HZ),718526,9842766,happy zebra
S9700,11/12/2012,Culvert City (HZ),718526,9842766,happy zebra
S9701,11/12/2012,Culvert City (HZ),718526,9842766,happy zebra
S9702,11/14/2012,Murram Pit Three (HZ),718836,9836585,happy zebra
S9703,11/14/2012,Serena Maji Fisi (HZ),719588,9838739,happy zebra
S9704,11/14/2012,North Waterhole (HZ),0,0,happy zebra
S9705,11/14/2012,North Waterhole (HZ),719915,9842708,happy zebra
S9706,11/14/2012,Egyptian Goose (HZ),718854,9840365,happy zebra
S9708,11/14/2012,Knot Tree (North),719162,9842197,happy zebra
S9709,11/15/2012,Serena Maji Fisi (HZ),719532,9838746,happy zebra
S9710,11/15/2012,Egyptian Goose (HZ),718853,9840154,happy zebra
S9711,11/15/2012,Comatose Culvert (HZ),718382,9841288,happy zebra
S9711,11/15/2012,Comatose Culvert (HZ),718536,9841288,happy zebra
S9712,11/15/2012,Breakfast Bush (North),718728,9841758,happy zebra
S9712,11/15/2012,Comatose Culvert (HZ),718553,9841486,happy zebra
S9712,11/15/2012,Comatose Culvert (HZ),718274,9841379,happy zebra
S9712,11/15/2012,Comatose Culvert (HZ),718184,9841331,happy zebra
S9712,11/15/2012,Comatose Culvert (HZ),717931,9841296,happy zebra
S9712,11/15/2012,Sneaky Crossing (HZ),717830,9841276,happy zebra
S9712,11/15/2012,Sneaky Crossing (HZ),717664,9841311,happy zebra
S9712,11/15/2012,Sneaky Crossing (HZ),717529,9841307,happy zebra
S9712,11/15/2012,Sneaky Crossing (HZ),717245,9841401,happy zebra
S9712,11/15/2012,Sneaky Crossing (HZ),717126,9841503,happy zebra
S9713,11/15/2012,9km Marker (HZ),0,0,happy zebra
S9714,11/17/2012,Comatose Culvert (HZ),718407,9841226,happy zebra
S9715,11/17/2012,Breakfast Bush (North),718695,9841390,happy zebra
S9716,11/17/2012,Comatose Culvert (HZ),718460,9841116,happy zebra
S9717,11/17/2012,Serena Maji Fisi (HZ),719151,9838326,happy zebra
S9718,11/17/2012,Masai Mama Tree (HZ?),721164,9843882,happy zebra
S9719,11/19/2012,Knot Tree (North),719158,9842192,happy zebra
S9720,11/19/2012,Rumpy Culvert (HZ),718735,9837818,happy zebra
S9721,11/19/2012,Murram Pit Three (HZ),718583,9836102,happy zebra
S9722,11/19/2012,Sneaky Crossing (HZ),718241,9840872,happy zebra
S9723,11/19/2012,Comatose Culvert (HZ),718415,9841230,happy zebra
S9724,11/19/2012,Sneaky Crossing (HZ),718016,9841112,happy zebra
S9726,11/19/2012,Comatose Culvert (HZ),718220,9841304,happy zebra
S9726,11/19/2012,Comatose Culvert (HZ),718222,9841170,happy zebra
S9727,11/21/2012,Comatose Culvert (HZ),718411,9841241,happy zebra
S9728,11/21/2012,Egyptian Goose (HZ),718794,9840351,happy zebra
S9729,11/21/2012,Murram Pit Three (HZ),718707,9836905,happy zebra
S9730,11/21/2012,Rumpy Culvert (HZ),718879,9838258,happy zebra
S9731,11/21/2012,Pride Rock (HZ),718506,9838866,happy zebra
S9732,11/21/2012,Comatose Culvert (HZ),718389,9841255,happy zebra
S9733,11/21/2012,9km Marker (HZ),0,0,happy zebra
S9734,11/22/2012,Egyptian Goose (HZ),718471,9840767,happy zebra
S9735,11/22/2012,Comatose Culvert (HZ),0,0,happy zebra
S9736,11/22/2012,Metropolitan Tree (HZ),716468,9842586,happy zebra
S9737,11/23/2012,Windsor Den (HZ),0,0,happy zebra
S9738,11/23/2012,Burnt Crossing (Olare?),716155,9841306,happy zebra
S9739,11/23/2012,Sneaky Crossing (HZ),717130,9841698,happy zebra
S9740,11/25/2012,,0,0,happy zebra
S9741,11/25/2012,Metropolitan Tree (HZ),716463,9842576,happy zebra
S9743,11/25/2012,North Darting Tree (North),719462,9845660,happy zebra
S9744,11/27/2012,Metropolitan Tree (HZ),0,0,happy zebra
S9745,11/27/2012,Sneaky Crossing (HZ),717135,9841678,happy zebra
S9746,11/27/2012,The Giver (HZ),718828,9838496,happy zebra
S9747,11/27/2012,Comatose Culvert (HZ),718291,9841400,happy zebra
S9748,12/1/2012,Culvert City (HZ),0,0,happy zebra
S9749,12/1/2012,Metropolitan Tree (HZ),716462,9842582,happy zebra
S9750,12/1/2012,Burnt Crossing (Olare?),716165,9841304,happy zebra
S10180,7/31/2013,9km Marker (HZ),717800,9841948,happy zebra
S10181,7/31/2013,Holy Grail Den (HZ),0,0,happy zebra
S10208.1,7/31/2013,Schmutzy Den (HZ),720073,9839941,happy zebra
S9820,10/21/2012,Windsor Den (HZ),0,0,happy zebra
S9821,10/21/2012,Culvert City (HZ),0,0,happy zebra
S9821.1,10/21/2012,Culvert City (HZ),718911,9842690,happy zebra
S9822,10/24/2012,Culvert City (HZ),718579,9842773,happy zebra
S9823,10/24/2012,Culvert City (HZ),0,0,happy zebra
S9824,10/24/2012,Comatose Culvert (HZ),718057,9841785,happy zebra
S9825,10/24/2012,Culvert City (HZ),0,0,happy zebra
S9826,10/26/2012,Metropolitan Tree (HZ),0,0,happy zebra
S9826,10/26/2012,Metropolitan Tree (HZ),716173,9842606,happy zebra
S9826,10/26/2012,Burnt Crossing (Olare?),0,0,happy zebra
S9827,10/26/2012,Metropolitan Tree (HZ),716380,9842592,happy zebra
S9828,10/26/2012,Metropolitan Tree (HZ),716376,9842590,happy zebra
S9829,10/26/2012,Mexicali Den (HZ),0,0,happy zebra
S9830,10/26/2012,Culvert City (HZ),0,0,happy zebra
S9831,10/26/2012,Culvert City (HZ),0,0,happy zebra
S9832,10/29/2012,Metropolitan Tree (HZ),716424,9842600,happy zebra
S9833,10/29/2012,Ballerina Tree (South),717312,9842838,happy zebra
S9618,7/10/2012,Windsor Den (HZ),0,0,happy zebra
S9619,7/15/2012,Culvert City (HZ),0,0,happy zebra
S9620,7/15/2012,Windsor Den (HZ),0,0,happy zebra
S9621,7/20/2012,Windsor Den (HZ),0,0,happy zebra
S9622,7/20/2012,Knot Tree (North),719202,9842562,happy zebra
S9623,7/25/2012,Egyptian Goose (HZ),0,0,happy zebra
S9623.1,7/26/2012,Culvert City (HZ),0,0,happy zebra
S9624,7/26/2012,Windsor Den (HZ),0,0,happy zebra
S9624.1,7/26/2012,Culvert City (HZ),0,0,happy zebra
S9625,7/28/2012,Culvert City (HZ),0,0,happy zebra
S9626,7/28/2012,Windsor Den (HZ),0,0,happy zebra
S9626,7/28/2012,Windsor Den (HZ),0,0,happy zebra
S9627,7/28/2012,Baobab Tree (HZ),718312,9841368,happy zebra
S9628,7/31/2012,Culvert City (HZ),0,0,happy zebra
S9629,7/31/2012,Windsor Den (HZ),0,0,happy zebra
S9629.1,7/31/2012,Culvert City (HZ),0,0,happy zebra
S9630,8/4/2012,Windsor Den (HZ),0,0,happy zebra
S9631,8/5/2012,Egyptian Goose (HZ),718456,9840778,happy zebra
S9633,8/6/2012,Ballerina Tree (South),0,0,happy zebra
S9634.1,8/6/2012,Windsor Den (HZ),0,0,happy zebra
S9634.2,8/8/2012,Culvert City (HZ),0,0,happy zebra
S9634.2,8/8/2012,Culvert City (HZ),717835,9842524,happy zebra
S9634.2,8/8/2012,Ballerina Tree (South),717498,9842840,happy zebra
S9634.2,8/8/2012,Ballerina Tree (South),717295,9842898,happy zebra
S9635,8/10/2012,Metropolitan Tree (HZ),716049,9842920,happy zebra
S9635,8/10/2012,Metropolitan Tree (HZ),0,0,happy zebra
S9635,8/10/2012,Ballerina Tree (South),717338,9843292,happy zebra
S9635,8/10/2012,Ballerina Tree (South),717338,9843438,happy zebra
S9635,8/10/2012,Culvert City (HZ),717777,9843576,happy zebra
S9635,8/10/2012,Ambush Gardenia (),718353,9843836,happy zebra
S9635,8/10/2012,Ambush Gardenia (),718661,9844134,happy zebra
S9636,8/10/2012,Culvert City (HZ),0,0,happy zebra
S9637,8/10/2012,Windsor Den (HZ),0,0,happy zebra
S9637.1,8/10/2012,Metropolitan Tree (HZ),716292,9842630,happy zebra
S9638,8/10/2012,Culvert City (HZ),0,0,happy zebra
S9639,8/10/2012,Culvert City (HZ),718360,9842712,happy zebra
S9640,8/13/2012,Egyptian Goose (HZ),0,0,happy zebra
S9641,8/6/2012,Egyptian Goose (HZ),0,0,happy zebra
S9642,8/13/2012,Blowin' in the Wind Tree (North),0,0,happy zebra
S9643,8/6/2012,Ballerina Tree (South),717096,9842564,happy zebra
S9644,8/19/2012,9km Marker (HZ),718071,9842170,happy zebra
S9645,8/19/2012,Metropolitan Tree (HZ),716415,9842764,happy zebra
S9645,8/19/2012,Windsor Den (HZ),716396,9842730,happy zebra
S9646,8/19/2012,Calexico Den (HZ),0,0,happy zebra
S9647,8/19/2012,Egyptian Goose (HZ),718357,9839530,happy zebra
S9648,8/21/2012,Calexico Den (HZ),0,0,happy zebra
S9649,8/21/2012,Windsor Den (HZ),0,0,happy zebra
S9649.1,8/23/2012,Calexico Den (HZ),0,0,happy zebra
S9650,8/26/2012,Metropolitan Tree (HZ),0,0,happy zebra
S9651,8/26/2012,Calexico Den (HZ),0,0,happy zebra
S9652,8/26/2012,Egyptian Goose (HZ),0,0,happy zebra
S9653,8/26/2012,,718837,9836794,happy zebra
S9654,8/30/2012,Calexico Den (HZ),0,0,happy zebra
S9655,8/30/2012,Metropolitan Tree (HZ),0,0,happy zebra
S9656,8/30/2012,Calexico Den (HZ),0,0,happy zebra
S9656,8/30/2012,Calexico Den (HZ),716760,9842976,happy zebra
S9658,9/3/2012,Mexicali Den (HZ),0,0,happy zebra
S9658,9/3/2012,Calexico Den (HZ),0,0,happy zebra
S9658,9/3/2012,Mexicali Den (HZ),0,0,happy zebra
S9659,9/5/2012,Burnt Crossing (Olare?),715914,9841586,happy zebra
S9660,9/5/2012,Mexicali Den (HZ),0,0,happy zebra
S9661,9/5/2012,Mexicali Den (HZ),716374,9842588,happy zebra
S9661,9/5/2012,Mexicali Den (HZ),0,0,happy zebra
S9662,9/5/2012,Metropolitan Tree (HZ),716508,9842706,happy zebra
S9663,9/5/2012,Ballerina Tree (South),716706,9842700,happy zebra
S9664,9/11/2012,Culvert City (HZ),0,0,happy zebra
S9665,9/11/2012,Mexicali Den (HZ),0,0,happy zebra
S9666,9/11/2012,,0,0,happy zebra
S9667,9/12/2012,Culvert City (HZ),0,0,happy zebra
S9668,9/14/2012,Culvert City (HZ),718111,9842410,happy zebra
S9669,9/14/2012,Metropolitan Tree (HZ),716292,9842628,happy zebra
S9670,9/14/2012,Culvert City (HZ),0,0,happy zebra
S9671,9/17/2012,Culvert City (HZ),0,0,happy zebra
S9672,9/17/2012,Metropolitan Tree (HZ),716423,9842568,happy zebra
S9673,9/17/2012,Sneaky Crossing (HZ),717215,9841524,happy zebra
S9674,9/17/2012,Culvert City (HZ),0,0,happy zebra
S9674,9/17/2012,9km Marker (HZ),718089,9842302,happy zebra
S9674,9/17/2012,9km Marker (HZ),717996,9842144,happy zebra
S9674,9/17/2012,Culvert City (HZ),718119,9842442,happy zebra
S9674,9/17/2012,9km Marker (HZ),718088,9842262,happy zebra
S9674,9/17/2012,9km Marker (HZ),0,0,happy zebra
S9674,9/17/2012,9km Marker (HZ),0,0,happy zebra
S9675,9/19/2012,Comatose Culvert (HZ),0,0,happy zebra
S9676,9/22/2012,Nogales Den (HZ),0,0,happy zebra
S9677.1,9/22/2012,Metropolitan Tree (HZ),0,0,happy zebra
S9678,9/26/2012,Culvert City (HZ),0,0,happy zebra
S9679,9/26/2012,Culvert City (HZ),0,0,happy zebra
S9680,9/27/2012,Culvert City (HZ),0,0,happy zebra
S9681,9/27/2012,9km Marker (HZ),717940,9842292,happy zebra
S9682,9/27/2012,9km Marker (HZ),718083,9842272,happy zebra
S9683,9/27/2012,9km Marker (HZ),718071,9842328,happy zebra
S9684,9/29/2012,Knot Tree (North),0,0,happy zebra
S9685,9/29/2012,Egyptian Goose (HZ),718454,9840758,happy zebra
S9687,9/29/2012,Metropolitan Tree (HZ),0,0,happy zebra
S9687,9/29/2012,Metropolitan Tree (HZ),716128,9842510,happy zebra
S9687,9/29/2012,Nogales Den (HZ),0,0,happy zebra
S9688,11/4/2012,Comatose Culvert (HZ),718437,9841058,happy zebra
S9689,11/4/2012,LBJ X (HZ?),719799,9840412,happy zebra
S9690,11/2/2012,Comatose Culvert (HZ),718255,9841432,happy zebra
S9690.1,11/5/2012,Comatose Culvert (HZ),718255,9841432,happy zebra
S9691,11/5/2012,Sneaky Crossing (HZ),717394,9841462,happy zebra
S9692,11/5/2012,Metropolitan Tree (HZ),716408,9842522,happy zebra
S9693,11/8/2012,Ballerina Tree (South),717393,9842276,happy zebra
S9694,11/8/2012,Sneaky Crossing (HZ),717557,9841728,happy zebra
S9694,11/8/2012,9km Marker (HZ),717451,9841896,happy zebra
S9694,11/8/2012,9km Marker (HZ),717467,9841964,happy zebra
S9694,11/8/2012,Ballerina Tree (South),717379,9842118,happy zebra
S9694,11/8/2012,Ballerina Tree (South),717479,9842366,happy zebra
S9694,11/8/2012,Culvert City (HZ),717930,9842528,happy zebra
S9694,11/8/2012,Culvert City (HZ),0,0,happy zebra
S9694,11/8/2012,Culvert City (HZ),718447,9842754,happy zebra
S9694,11/8/2012,Knot Tree (North),718816,9842722,happy zebra
S9695,11/8/2012,Comatose Culvert (HZ),718410,9841242,happy zebra
S9696,11/8/2012,LBJ X (HZ?),720078,9839958,happy zebra
S9697,11/8/2012,Serena Maji Fisi (HZ),718915,9838336,happy zebra
S9751,12/1/2012,Sneaky Crossing (HZ),717129,9841672,happy zebra
S9752,12/1/2012,9km Marker (HZ),717882,9842074,happy zebra
S9753,12/1/2012,Culvert City (HZ),0,0,happy zebra
S9754,12/1/2012,Egyptian Goose (HZ),718691,9840194,happy zebra
S9755,12/1/2012,Egyptian Goose (HZ),718747,9840452,happy zebra
S9756,12/1/2012,Scrawny Sausage Tree (HZ),0,0,happy zebra
S9757,12/1/2012,Hot Tubs (HZ),0,0,happy zebra
S9758,12/2/2012,Culvert City (HZ),0,0,happy zebra
S9759,12/2/2012,Sneaky Crossing (HZ),717132,9841678,happy zebra
S9760,12/2/2012,Comatose Culvert (HZ),718409,9841240,happy zebra
S9761,12/2/2012,Comatose Culvert (HZ),0,0,happy zebra
S9762,12/4/2012,God Bless America Tree (North),720697,9843978,happy zebra
S9763,12/4/2012,Hot Tubs (HZ),0,0,happy zebra
S9764,12/4/2012,LBJ X (HZ?),720081,9839976,happy zebra
S9765,12/4/2012,Culvert City (HZ),0,0,happy zebra
S9766,12/4/2012,Windsor Den (HZ),0,0,happy zebra
S9767,12/4/2012,Culvert City (HZ),0,0,happy zebra
S9768,12/4/2012,Culvert City (HZ),718514,9842768,happy zebra
S9769,12/9/2012,Metropolitan Tree (HZ),716452,9842565,happy zebra
S9770,12/9/2012,Egyptian Goose (HZ),718352,9839649,happy zebra
S9771,12/9/2012,Pride Rock (HZ),0,0,happy zebra
S9771,12/9/2012,Pride Rock (HZ),718103,9839746,happy zebra
S9772,12/13/2012,Rumpy Culvert (HZ),718525,9838312,happy zebra
S9773,12/13/2012,Egyptian Goose (HZ),718281,9839762,happy zebra
S9773,12/13/2012,Pride Rock (HZ),718619,9839471,happy zebra
S9774,12/13/2012,Comatose Culvert (HZ),718157,9841549,happy zebra
S9774,12/13/2012,9km Marker (HZ),0,0,happy zebra
S9774,12/13/2012,Culvert City (HZ),717901,9842402,happy zebra
S9774,12/13/2012,Metropolitan Tree (HZ),716539,9842705,happy zebra
S9774,12/13/2012,Windsor Den (HZ),0,0,happy zebra
S9775,12/13/2012,9km Marker (HZ),717596,9842427,happy zebra
S9776,12/13/2012,Blowin' in the Wind Tree (North),721530,9844577,happy zebra
S9778,12/15/2012,Comatose Culvert (HZ),718194,9841021,happy zebra
S9779,12/15/2012,Comatose Culvert (HZ),718367,9840823,happy zebra
S9780,12/15/2012,Comatose Culvert (HZ),0,0,happy zebra
S9781,12/15/2012,Windsor Den (HZ),0,0,happy zebra
S9781,12/15/2012,Ballerina Tree (South),716920,9842648,happy zebra
S9782,12/17/2012,Windsor Den (HZ),0,0,happy zebra
S9783,12/17/2012,Comatose Culvert (HZ),0,0,happy zebra
S9784,12/17/2012,Comatose Culvert (HZ),718396,9841257,happy zebra
S9785,12/17/2012,Comatose Culvert (HZ),0,0,happy zebra
S9786,12/17/2012,Windsor Den (HZ),0,0,happy zebra
S9787,12/18/2012,Comatose Culvert (HZ),0,0,happy zebra
S9788,12/18/2012,Windsor Den (HZ),0,0,happy zebra
S9789,12/18/2012,Sprout (South),720403,9843585,happy zebra
S9790,12/26/2012,Hot Tubs (HZ),0,0,happy zebra
S9792,12/26/2012,Windsor Den (HZ),0,0,happy zebra
S9793,12/29/2012,Knot Tree (North),0,0,happy zebra
S9794,12/29/2012,Windsor Den (HZ),0,0,happy zebra
S9795,12/29/2012,Culvert City (HZ),0,0,happy zebra
S9796,12/29/2012,Culvert City (HZ),0,0,happy zebra
S9797,12/29/2012,Culvert City (HZ),719089,9842605,happy zebra
S9798,10/1/2012,Nogales Den (HZ),0,0,happy zebra
S9799,10/2/2012,Nogales Den (HZ),0,0,happy zebra
S9799,10/2/2012,Juarez Den (HZ),0,0,happy zebra
S9799,10/2/2012,Nogales Den (HZ),0,0,happy zebra
S9800,10/5/2012,Nogales Den (HZ),0,0,happy zebra
S9801,10/5/2012,Juarez Den (HZ),0,0,happy zebra
S9802,10/5/2012,Nogales Den (HZ),0,0,happy zebra
S9803,10/5/2012,Windsor Den (HZ),0,0,happy zebra
S9804,10/6/2012,Juarez Den (HZ),0,0,happy zebra
S9805,10/8/2012,Comatose Culvert (HZ),0,0,happy zebra
S9806,10/10/2012,Comatose Culvert (HZ),0,0,happy zebra
S9807,10/10/2012,Juarez Den (HZ),716372,9842426,happy zebra
S9808,10/16/2012,Culvert City (HZ),718127,9842458,happy zebra
S9810,10/16/2012,Comatose Culvert (HZ),0,0,happy zebra
S9811,10/16/2012,Burnt Crossing (Olare?),715971,9842214,happy zebra
S9812,10/16/2012,Sausage Tree (),719927,9839112,happy zebra
S9813,10/16/2012,Comatose Culvert (HZ),0,0,happy zebra
S9814,10/18/2012,Knot Tree (North),0,0,happy zebra
S9815,10/18/2012,Culvert City (HZ),0,0,happy zebra
S9815,10/18/2012,9km Marker (HZ),0,0,happy zebra
S9815,10/18/2012,Breakfast Bush (North),718784,9841202,happy zebra
S9816,10/20/2012,Culvert City (HZ),0,0,happy zebra
S9817,10/20/2012,Culvert City (HZ),0,0,happy zebra
S9818,10/21/2012,Culvert City (HZ),0,0,happy zebra
S9819,10/21/2012,Metropolitan Tree (HZ),716394,9842592,happy zebra
S9985,2/11/2013,Schiphol Den (North),0,0,happy zebra
S10294,2/16/2013,National Corn Chip Day Den (North),0,0,happy zebra
S10295,2/16/2013,Schiphol Den (North),0,0,happy zebra
S10322,2/24/2013,Lalalugga (North),724288,9846534,happy zebra
S10428,3/18/2013,Lion Cub Culvert (North),721259,9848670,happy zebra
S10806,6/20/2013,Dead Elephant Log (North),721881,9854533,happy zebra
S10806,6/20/2013,Dead Elephant Log (North),0,0,happy zebra
S10806,6/20/2013,Dead Elephant Log (North),721891,9855163,happy zebra
S10839,6/24/2013,Dead Elephant Log (North),721844,9854811,happy zebra
S10844,6/24/2013,Dead Elephant Log (North),721935,9855150,happy zebra
S10862,6/27/2013,Woods Spot (),721312,9853093,happy zebra
S12115,12/21/2013,Boone Den (South),0,0,happy zebra
S12154,1/5/2013,Windsor Den (HZ),0,0,happy zebra
S12155,1/11/2013,Culvert City (HZ),0,0,happy zebra
S12156,1/11/2013,Metropolitan Tree (HZ),715867,9842756,happy zebra
S12157,1/11/2013,Culvert City (HZ),0,0,happy zebra
S12158,11/13/2013,Windsor Den (HZ),0,0,happy zebra
S12159,1/13/2013,Culvert City (HZ),717832,9842388,happy zebra
S12160,1/16/2013,Blowin' in the Wind Tree (North),721494,9844500,happy zebra
S12161,1/16/2013,Knot Tree (North),0,0,happy zebra
S12162,1/16/2013,Long Gardenia Tree (),718235,9843735,happy zebra
S12163,1/19/2013,Knot Tree (North),719282,9842536,happy zebra
S12164,1/23/2013,Comatose Culvert (HZ),0,0,happy zebra
S12165,1/23/2013,Sausage Tree (),720058,9839351,happy zebra
S12166,1/27/2013,Ambush Gardenia (),717949,9843753,happy zebra
S12167,2/1/2013,Holy Grail Den (HZ),0,0,happy zebra
S12168,2/2/2013,Egyptian Goose (HZ),718475,9840747,happy zebra
S12169,2/2/2013,Holy Grail Den (HZ),0,0,happy zebra
S12170,2/3/2013,Holy Grail Den (HZ),0,0,happy zebra
S12171,2/3/2013,Holy Grail Den (HZ),719280,9839856,happy zebra
S12171,2/3/2013,Holy Grail Den (HZ),719623,9839485,happy zebra
S12172,2/5/2013,Holy Grail Den (HZ),0,0,happy zebra
S12172,2/5/2013,Holy Grail Den (HZ),719256,9840252,happy zebra
S12172,2/5/2013,Holy Grail Den (HZ),718793,9840528,happy zebra
S12172,2/5/2013,Egyptian Goose (HZ),718377,9840800,happy zebra
S12172,2/5/2013,Egyptian Goose (HZ),718330,9840776,happy zebra
S12173,2/5/2013,Pride Rock (HZ),718412,9839302,happy zebra
S12174,2/5/2013,Scrawny Sausage Tree (HZ),0,0,happy zebra
S12175,2/5/2013,The Giver (HZ),718847,9838484,happy zebra
S12176,2/5/2013,Holy Grail Den (HZ),0,0,happy zebra
S12177,2/6/2013,Holy Grail Den (HZ),0,0,happy zebra
S12179,2/8/2013,Holy Grail Den (HZ),0,0,happy zebra
S12180,2/9/2013,North Waterhole (HZ),0,0,happy zebra
S12181,2/9/2013,Holy Grail Den (HZ),0,0,happy zebra
S12182,2/12/2013,Holy Grail Den (HZ),0,0,happy zebra
S12183,2/15/2013,9km Marker (HZ),0,0,happy zebra
S12184,2/15/2013,Holy Grail Den (HZ),0,0,happy zebra
S12185,2/15/2013,Comatose Culvert (HZ),718471,9841088,happy zebra
S12186,2/15/2013,9km Marker (HZ),0,0,happy zebra
S12187,2/15/2013,Metropolitan Tree (HZ),716649,9842698,happy zebra
S12188,2/15/2013,9km Marker (HZ),0,0,happy zebra
S12189,2/15/2013,Holy Grail Den (HZ),0,0,happy zebra
S12190,2/15/2013,9km Marker (HZ),718085,9842250,happy zebra
S12191,2/16/2013,Comatose Culvert (HZ),718476,9841055,happy zebra
S12192,2/16/2013,Holy Grail Den (HZ),0,0,happy zebra
S12193,2/17/2013,Holy Grail Den (HZ),0,0,happy zebra
S12194,2/20/2013,Comatose Culvert (HZ),0,0,happy zebra
S12195,2/20/2013,Holy Grail Den (HZ),0,0,happy zebra
S12196,2/20/2013,Holy Grail Den (HZ),748955,9840016,happy zebra
S12196,2/20/2013,Egyptian Goose (HZ),718293,9840138,happy zebra
S12197,2/23/2013,Holy Grail Den (HZ),0,0,happy zebra
S12198,2/25/2013,Holy Grail Den (HZ),0,0,happy zebra
S12200,2/25/2013,Egyptian Goose (HZ),718322,9839772,happy zebra
S12201,2/25/2013,Pride Rock (HZ),718404,9839772,happy zebra
S12202,2/25/2013,Holy Grail Den (HZ),0,0,happy zebra
S12202,2/25/2013,Holy Grail Den (HZ),718926,9840043,happy zebra
S12202,2/25/2013,Holy Grail Den (HZ),0,0,happy zebra
S12203,2/26/2013,Holy Grail Den (HZ),0,0,happy zebra
S12204,3/1/2013,Holy Grail Den (HZ),0,0,happy zebra
S12205,3/1/2013,LBJ X (HZ?),719829,9840091,happy zebra
S12206,3/3/2013,Holy Grail Den (HZ),0,0,happy zebra
S12207,3/3/2013,Masai Mama Tree (HZ?),721149,9842842,happy zebra
S12208,3/4/2013,Egyptian Goose (HZ),0,0,happy zebra
S12209,3/4/2013,Holy Grail Den (HZ),0,0,happy zebra
S12210,3/9/2013,Holy Grail Den (HZ),0,0,happy zebra
S12211,3/11/2013,Amazon Den (HZ),0,0,happy zebra
S12212,3/11/2013,Holy Grail Den (HZ),0,0,happy zebra
S12213,3/14/2013,Holy Grail Den (HZ),0,0,happy zebra
S12215,3/14/2013,Egyptian Goose (HZ),718083,9840229,happy zebra
S12216,3/14/2013,Sneaky Crossing (HZ),717345,9841738,happy zebra
S12216.1,3/15/2013,Amazon Den (HZ),0,0,happy zebra
S12217,3/15/2013,Burnt Crossing (Olare?),715937,9841415,happy zebra
S12218,3/15/2013,9km Marker (HZ),717539,9841821,happy zebra
S12219,3/15/2013,Holy Grail Den (HZ),0,0,happy zebra
S12220,3/17/2013,North Waterhole (HZ),0,0,happy zebra
S12221,3/17/2013,Holy Grail Den (HZ),0,0,happy zebra
S12222,3/17/2013,Comatose Culvert (HZ),718018,9841551,happy zebra
S12223,3/17/2013,Sneaky Crossing (HZ),717670,9841366,happy zebra
S12224,3/17/2013,Comatose Culvert (HZ),718377,9841289,happy zebra
S12225,3/18/2013,Sneaky Crossing (HZ),717116,9841646,happy zebra
S12226,3/18/2013,Pride Rock (HZ),718380,9839493,happy zebra
S12227,3/18/2013,Holy Grail Den (HZ),0,0,happy zebra
S12228,3/18/2013,Egyptian Goose (HZ),718461,9840782,happy zebra
S12230,3/22/2013,Holy Grail Den (HZ),0,0,happy zebra
S12231,3/22/2013,Scrawny Sausage Tree (HZ),719858,9839532,happy zebra
S12232,3/22/2013,Egyptian Goose (HZ),0,0,happy zebra
S12233,3/23/2013,Holy Grail Den (HZ),0,0,happy zebra
S12233,3/23/2013,Holy Grail Den (HZ),0,0,happy zebra
S12234,3/23/2013,9km Marker (HZ),717792,9841943,happy zebra
S12235,3/23/2013,,716954,9841577,happy zebra
S12236,3/23/2013,Knot Tree (North),0,0,happy zebra
S12237,3/24/2013,Holy Grail Den (HZ),0,0,happy zebra
S12238,3/26/2013,Holy Grail Den (HZ),0,0,happy zebra
S12239,4/2/2013,Holy Grail Den (HZ),0,0,happy zebra
S12241,4/8/2013,Holy Grail Den (HZ),0,0,happy zebra
S12240,4/8/2013,9km Marker (HZ),718079,9842227,happy zebra
S12242,4/23/2013,Holy Grail Den (HZ),0,0,happy zebra
S12242,4/23/2013,Holy Grail Den (HZ),718956,9840008,happy zebra
S12242,4/23/2013,Holy Grail Den (HZ),0,0,happy zebra
S12243,4/25/2013,Holy Grail Den (HZ),0,0,happy zebra
S12244,4/25/2013,Comatose Culvert (HZ),717784,9841705,happy zebra
S12245,4/26/2013,Holy Grail Den (HZ),0,0,happy zebra
S12246,4/26/2013,Comatose Culvert (HZ),718366,9841306,happy zebra
S12247,5/5/2013,Holy Grail Den (HZ),0,0,happy zebra
S12248,5/7/2013,Holy Grail Den (HZ),0,0,happy zebra
S12249,5/10/2013,Holy Grail Den (HZ),0,0,happy zebra
S12250,5/10/2013,Holy Grail Den (HZ),0,0,happy zebra
S12251,5/12/2013,Comatose Culvert (HZ),718172,9840721,happy zebra
S12252,5/12/2013,Egyptian Goose (HZ),718313,9840318,happy zebra
S12253,5/12/2013,Holy Grail Den (HZ),0,0,happy zebra
S12254,5/13/2013,Holy Grail Den (HZ),0,0,happy zebra
S12255,5/13/2013,Holy Grail Den (HZ),0,0,happy zebra
S12256,5/14/2013,9km Marker (HZ),0,0,happy zebra
S12256,5/14/2013,Comatose Culvert (HZ),0,0,happy zebra
S12257,5/14/2013,Holy Grail Den (HZ),0,0,happy zebra
S12258,5/16/2013,Comatose Culvert (HZ),718479,9841017,happy zebra
S12259,5/16/2013,Holy Grail Den (HZ),0,0,happy zebra
S12260,5/17/2013,Holy Grail Den (HZ),0,0,happy zebra
S12261,5/17/2013,Culvert City (HZ),718297,9842674,happy zebra
S12261,5/17/2013,Knot Tree (North),718890,9842695,happy zebra
S12262,5/18/2013,Holy Grail Den (HZ),0,0,happy zebra
S12263,5/19/2013,Blowin' in the Wind Tree (North),720986,9844133,happy zebra
S12264,5/19/2013,Sprout (South),720058,9842876,happy zebra
S12266,5/19/2013,Lost Turtle Lugga Crossing (),717941,9839641,happy zebra
S12267,5/20/2013,Holy Grail Den (HZ),0,0,happy zebra
S12268,5/21/2013,Holy Grail Den (HZ),0,0,happy zebra
S12269,5/21/2013,Holy Grail Den (HZ),0,0,happy zebra
S12269.1,5/22/2013,Holy Grail Den (HZ),0,0,happy zebra
S12270,5/24/2013,Inselberg View (),717371,9838814,happy zebra
S12271,5/24/2013,Holy Grail Den (HZ),0,0,happy zebra
S12272,5/24/2013,9km Marker (HZ),0,0,happy zebra
S12273,5/26/2013,Lost Turtle Lugga Crossing (),717870,9839367,happy zebra
S12274,5/26/2013,Sneaky Crossing (HZ),726558,9840499,happy zebra
S12275,5/26/2013,Burnt Crossing (Olare?),716318,9841140,happy zebra
S12276,5/27/2013,Blowin' in the Wind Tree (North),721069,9844160,happy zebra
S12277,5/27/2013,Sneaky Crossing (HZ),719543,9840548,happy zebra
S12278,5/27/2013,Egyptian Goose (HZ),718276,9839773,happy zebra
S12279,5/27/2013,Holy Grail Den (HZ),0,0,happy zebra
S12280,5/27/2013,Egyptian Goose (HZ),718477,9840756,happy zebra
S12281,5/28/2013,Holy Grail Den (HZ),0,0,happy zebra
S12282,5/28/2013,Comatose Culvert (HZ),718470,9841090,happy zebra
S12283,5/28/2013,Comatose Culvert (HZ),0,0,happy zebra
S12284,5/28/2013,Holy Grail Den (HZ),0,0,happy zebra
S12286,5/31/2013,Culvert City (HZ),718562,9842772,happy zebra
S12287,5/31/2013,Culvert City (HZ),718324,9842695,happy zebra
S12289,5/31/2013,Holy Grail Den (HZ),0,0,happy zebra
S12290,6/2/2013,Egyptian Goose (HZ),0,0,happy zebra
S12291,6/2/2013,Holy Grail Den (HZ),0,0,happy zebra
S12292,6/2/2013,9km Marker (HZ),718052,9841862,happy zebra
S11855,6/2/2013,Knot Tree (North),0,0,happy zebra
S12294,6/2/2013,God Bless America Tree (North),720794,9844042,happy zebra
S12295,6/5/2013,Holy Grail Den (HZ),0,0,happy zebra
S12296,6/5/2013,Metropolitan Tree (HZ),0,0,happy zebra
S12297,6/5/2013,Egyptian Goose (HZ),718457,9840773,happy zebra
S12298,6/5/2013,Pride Rock (HZ),718409,9838971,happy zebra
S12299,6/6/2013,Egyptian Goose (HZ),718211,9839812,happy zebra
S12300,6/6/2013,Egyptian Goose (HZ),718305,9839789,happy zebra
S12300.1,6/6/2013,Egyptian Goose (HZ),718305,9839789,happy zebra
S12301,6/6/2013,Holy Grail Den (HZ),0,0,happy zebra
S12302,6/8/2013,Little Crossing (),717315,9839178,happy zebra
S12303,6/8/2013,Holy Grail Den (HZ),0,0,happy zebra
S12304,6/9/2013,Holy Grail Den (HZ),0,0,happy zebra
S12305,6/9/2013,Serena Maji Fisi (HZ),0,0,happy zebra
S12306,6/9/2013,Egyptian Goose (HZ),718287,9840132,happy zebra
S12307,6/9/2013,Little Crossing (),717482,9839143,happy zebra
S12309,6/10/2013,Egyptian Goose (HZ),718462,9840771,happy zebra
S12309,6/10/2013,Sneaky Crossing (HZ),717319,9841343,happy zebra
S12310,6/12/2013,Lost Turtle Lugga Crossing (),717468,9839213,happy zebra
S12311,6/12/2013,Holy Grail Den (HZ),0,0,happy zebra
S12312,6/13/2013,Comatose Culvert (HZ),718470,9841085,happy zebra
S12313,6/13/2013,Egyptian Goose (HZ),718346,9840751,happy zebra
S12314,6/13/2013,Holy Grail Den (HZ),0,0,happy zebra
S12315,6/16/2013,Egyptian Goose (HZ),718139,9840357,happy zebra
S12316,6/16/2013,Egyptian Goose (HZ),718367,9840702,happy zebra
S12317,6/16/2013,Holy Grail Den (HZ),0,0,happy zebra
S12318,6/17/2013,Lost Turtle Lugga Crossing (),716850,9839462,happy zebra
S12319,6/17/2013,Lost Turtle Lugga Crossing (),717427,9839386,happy zebra
S12320,6/17/2013,Egyptian Goose (HZ),718099,9839755,happy zebra
S12321,6/17/2013,Holy Grail Den (HZ),0,0,happy zebra
S12322,6/17/2013,Comatose Culvert (HZ),718475,9840853,happy zebra
S12323,6/18/2013,Sleepy Lion Mound (HZ),716277,9840329,happy zebra
S12324,6/18/2013,Lost Turtle Lugga Crossing (),718025,9839637,happy zebra
S12325,6/18/2013,Baobab Tree (HZ),0,0,happy zebra
S12327,6/18/2013,Egyptian Goose (HZ),718441,9840707,happy zebra
S12327,6/18/2013,Comatose Culvert (HZ),718310,9840878,happy zebra
S12328,6/18/2013,Holy Grail Den (HZ),718900,9840536,happy zebra
S12329,6/18/2013,Holy Grail Den (HZ),0,0,happy zebra
S12330,6/20/2013,Holy Grail Den (HZ),0,0,happy zebra
S12331,6/21/2013,Sleepy Lion Mound (HZ),716037,9840135,happy zebra
S12332,6/21/2013,Inselberg View (),716445,9839171,happy zebra
S12333,6/21/2013,Inselberg View (),716805,9838860,happy zebra
S12334,6/21/2013,Holy Grail Den (HZ),0,0,happy zebra
S12335,6/22/2013,Holy Grail Den (HZ),0,0,happy zebra
S12336,6/22/2013,Inselberg View (),7171718,9839001,happy zebra
S12337,6/22/2013,Comatose Culvert (HZ),718475,9841039,happy zebra
S12337,6/22/2013,Comatose Culvert (HZ),0,0,happy zebra
S12338,6/22/2013,Lost Turtle Lugga Crossing (),717248,9839957,happy zebra
S12339,6/22/2013,Egyptian Goose (HZ),0,0,happy zebra
S12340,6/22/2013,Holy Grail Den (HZ),0,0,happy zebra
S12341,6/22/2013,Culvert City (HZ),718317,9842688,happy zebra
S12342,6/23/2013,Holy Grail Den (HZ),0,0,happy zebra
S12343,6/24/2013,Comatose Culvert (HZ),717946,9841795,happy zebra
S12344,6/24/2013,Egyptian Goose (HZ),718425,9840640,happy zebra
S12345,6/24/2013,Holy Grail Den (HZ),0,0,happy zebra
S12346,6/25/2013,Holy Grail Den (HZ),0,0,happy zebra
S12347,6/25/2013,Egyptian Goose (HZ),718289,9840122,happy zebra
S12348,6/25/2013,Sleepy Lion Mound (HZ),716051,9839881,happy zebra
S12348,6/25/2013,Sleepy Lion Mound (HZ),715835,9840293,happy zebra
S12348,6/25/2013,Sleepy Lion Mound (HZ),716051,9839881,happy zebra
S12349,6/25/2013,Sleepy Lion Mound (HZ),715777,9839724,happy zebra
S12350,6/25/2013,9km Marker (HZ),717912,9842047,happy zebra
S12352,6/25/2013,Sneezy Trees (HZ),715473,9838521,happy zebra
S12353,6/25/2013,Holy Grail Den (HZ),0,0,happy zebra
S12354,6/26/2013,Grumpy Baby Elephant Crossing (HZ),716865,9841017,happy zebra
S12355,6/26/2013,Happy Umbrella Tree (HZ),716590,9840620,happy zebra
S12356,6/26/2013,Holy Grail Den (HZ),0,0,happy zebra
S12357,6/27/2013,North Waterhole (HZ),0,0,happy zebra
S12358,6/27/2013,Comatose Culvert (HZ),718339,9841338,happy zebra
S12359,6/27/2013,Comatose Culvert (HZ),0,0,happy zebra
S12360,6/27/2013,Happy Umbrella Tree (HZ),0,0,happy zebra
S12361,6/27/2013,Holy Grail Den (HZ),0,0,happy zebra
S12362,6/27/2013,9km Marker (HZ),718173,9842192,happy zebra
S12363,6/30/2013,Sleepy Lion Mound (HZ),0,0,happy zebra
S12364,6/30/2013,Holy Grail Den (HZ),0,0,happy zebra
S12365,7/2/2013,Lost Turtle Lugga Crossing (),717455,9839203,happy zebra
S12366,7/2/2013,9km Marker (HZ),718044,9841879,happy zebra
S12367,7/2/2013,Holy Grail Den (HZ),0,0,happy zebra
S12367.1,7/5/2013,Holy Grail Den (HZ),0,0,happy zebra
S12368,7/5/2013,Ballerina Tree (South),717222,9842507,happy zebra
S12369,7/5/2013,Lost Turtle Lugga Crossing (),717604,9839330,happy zebra
S12370,7/6/2013,Happy Umbrella Tree (HZ),0,0,happy zebra
S12371,7/6/2013,Holy Grail Den (HZ),0,0,happy zebra
S12373,7/10/2013,Holy Grail Den (HZ),0,0,happy zebra
S12374,7/10/2013,Sprout (South),720370,9843514,happy zebra
S12375,7/12/2013,Holy Grail Den (HZ),0,0,happy zebra
S12376,7/13/2013,Sleepy Lion Mound (HZ),0,0,happy zebra
S12377,7/13/2013,Sneaky Crossing (HZ),717042,9841471,happy zebra
S12378,7/13/2013,9km Marker (HZ),717800,9841948,happy zebra
S12379,7/13/2013,Holy Grail Den (HZ),0,0,happy zebra
S12380,7/15/2013,Holy Grail Den (HZ),0,0,happy zebra
S12381,7/15/2013,Gettysburg Den (HZ),0,0,happy zebra
S12382,7/15/2013,LBJ X (HZ?),719814,9840221,happy zebra
S12383,7/16/2013,Egyptian Goose (HZ),0,0,happy zebra
S12384,7/16/2013,Holy Grail Den (HZ),0,0,happy zebra
S12385,7/16/2013,Gettysburg Den (HZ),0,0,happy zebra
S12386,7/16/2013,Holy Grail Den (HZ),0,0,happy zebra
S12387,7/18/2013,Gettysburg Den (HZ),0,0,happy zebra
S12388,7/18/2013,Grumpy Baby Elephant Crossing (HZ),716962,9840993,happy zebra
S12389,7/18/2013,Happy Umbrella Tree (HZ),0,0,happy zebra
S12389,7/18/2013,Sleepy Lion Mound (HZ),0,0,happy zebra
S12390,7/19/2013,9km Marker (HZ),717573,9841819,happy zebra
S12391,7/19/2013,LBJ X (HZ?),719885,9840218,happy zebra
S12391,7/19/2013,Gettysburg Den (HZ),0,0,happy zebra
S12392,7/19/2013,Holy Grail Den (HZ),0,0,happy zebra
S12393,7/21/2013,Gettysburg Den (HZ),0,0,happy zebra
S12395,7/22/2013,Holy Grail Den (HZ),0,0,happy zebra
S12395.1,7/22/2013,Gettysburg Den (HZ),0,0,happy zebra
S12396,7/22/2013,Holy Grail Den (HZ),0,0,happy zebra
S12397,7/22/2013,9km Marker (HZ),718079,9842220,happy zebra
S12398,7/24/2013,Pride Rock (HZ),718409,9839279,happy zebra
S12399,7/24/2013,Gettysburg Den (HZ),0,0,happy zebra
S12399,7/24/2013,Gettysburg Den (HZ),719271,9839860,happy zebra
S12399,7/24/2013,Gettysburg Den (HZ),0,0,happy zebra
S12400,7/25/2013,Sneaky Crossing (HZ),717978,9840669,happy zebra
S12401,7/26/2013,Rocky Ridge (HZ),720417,9840850,happy zebra
S12402,7/27/2013,LBJ X (HZ?),720159,9839922,happy zebra
S12403,7/27/2013,Schmutzy Den (HZ),0,0,happy zebra
S12404,7/27/2013,Comatose Culvert (HZ),718208,9841482,happy zebra
S12405,7/28/2013,Schmutzy Den (HZ),0,0,happy zebra
S12406,7/28/2013,Blowin' in the Wind Tree (North),721231,9844235,happy zebra
S12407,7/29/2013,God Bless America Tree (North),720710,9843988,happy zebra
S12408,7/29/2013,Schmutzy Den (HZ),0,0,happy zebra
S12409.1,7/29/2013,Schmutzy Den (HZ),,,happy zebra
S12409,7/29/2013,Serena Maji Fisi (HZ),719278,9838394,happy zebra
S12410,7/30/2013,Schmutzy Den (HZ),0,0,happy zebra
S12411,7/30/2013,Sneaky Crossing (HZ),717183,9841627,happy zebra
S12412,7/30/2013,Comatose Culvert (HZ),717553,9841782,happy zebra
S12413,7/30/2013,Schiphol Den (North),0,0,happy zebra
S12414,7/30/2013,Schmutzy Den (HZ),720073,9839941,happy zebra
S12415,7/31/2013,Schmutzy Den (HZ),0,0,happy zebra
S12416,7/31/2013,Blowin' in the Wind Tree (North),721203,9844225,happy zebra
S12417,8/2/2013,Schmutzy Den (HZ),0,0,happy zebra
S12418,8/2/2013,Schmutzy Den (HZ),0,0,happy zebra
S12419,8/2/2013,Schmutzy Den (HZ),0,0,happy zebra
S12420,8/2/2013,Schmutzy Den (HZ),720068,9839916,happy zebra
S12421,8/4/2013,Sprout (South),720355,9843491,happy zebra
S12422,8/4/2013,Schmutzy Den (HZ),0,0,happy zebra
S12423,8/5/2013,Schmutzy Den (HZ),0,0,happy zebra
S12424,8/5/2013,Knot Tree (North),718818,9842724,happy zebra
S12425,8/7/2013,Knot Tree (North),718658,9842772,happy zebra
S12426,8/7/2013,Schiphol Den (North),0,0,happy zebra
S12426.1,8/7/2013,Schmutzy Den (HZ),0,0,happy zebra
S12427,8/8/2013,Comatose Culvert (HZ),718324,9841311,happy zebra
S12427,8/8/2013,Comatose Culvert (HZ),718413,9841232,happy zebra
S12427,8/8/2013,Comatose Culvert (HZ),718355,9840841,happy zebra
S12428,8/8/2013,Schmutzy Den (HZ),0,0,happy zebra
S12429,8/9/2013,Schmutzy Den (HZ),720235,9839648,happy zebra
S12429,8/9/2013,Schmutzy Den (HZ),0,0,happy zebra
S12430,8/9/2013,Rocky Spot (),720420,9840022,happy zebra
S12431,8/9/2013,Schmutzy Den (HZ),0,0,happy zebra
S12432,8/10/2013,Schmutzy Den (HZ),0,0,happy zebra
S12433,8/10/2013,Schmuck Den (HZ),0,0,happy zebra
S12434,8/12/2013,Schmuck Den (HZ),0,0,happy zebra
S12434.1,8/12/2013,Sleepy Lion Mound (HZ),715985,9840063,happy zebra
S12435,8/14/2013,Schmuck Den (HZ),0,0,happy zebra
S12436,8/14/2013,Schmuck Den (HZ),720120,9840123,happy zebra
S12437,8/15/2013,Burnt Crossing (Olare?),715989,9841345,happy zebra
S12438,8/15/2013,Ambush Gardenia (),719289,9845215,happy zebra
S12439,8/15/2013,,712825,9835590,happy zebra
S12440,8/15/2013,Island Lugga (),714583,9837271,happy zebra
S12441,8/18/2013,LBJ X (HZ?),719718,9840307,happy zebra
S12442,8/18/2013,Schmuck Den (HZ),0,0,happy zebra
S12443,8/19/2013,Schmuck Den (HZ),0,0,happy zebra
S12444,8/20/2013,Scrawny Sausage Tree (HZ),729647,9838716,happy zebra
S12445,8/21/2013,Schmuck Den (HZ),0,0,happy zebra
S12446,8/21/2013,Schmuck Den (HZ),0,0,happy zebra
S12447,8/21/2013,Grumpy Baby Elephant Crossing (HZ),716458,9841371,happy zebra
S12448,8/21/2013,Gobi Crossing (),714514,9840492,happy zebra
S12449,8/22/2013,Happy Umbrella Tree (HZ),0,0,happy zebra
S12450,8/22/2013,Schmuck Den (HZ),0,0,happy zebra
S12451,8/23/2013,Culvert City (HZ),0,0,happy zebra
S12452,8/23/2013,Burnt Crossing (Olare?),715928,9841470,happy zebra
S12453,8/24/2013,Comatose Culvert (HZ),718463,9841114,happy zebra
S12454,8/24/2013,Scrawny Sausage Tree (HZ),720086,9839387,happy zebra
S12456,8/24/2013,Schmuck Den (HZ),720298,9839773,happy zebra
S12456,8/24/2013,Schmuck Den (HZ),720259,9839664,happy zebra
S12457,8/24/2013,Schmuck Den (HZ),0,0,happy zebra
S12458,8/25/2013,Rocky Ridge (HZ),721136,9840108,happy zebra
S12459,8/25/2013,LBJ X (HZ?),0,0,happy zebra
S12460,8/25/2013,LBJ X (HZ?),719898,9840220,happy zebra
S12460,8/25/2013,Egyptian Goose (HZ),718728,9840675,happy zebra
S12461,8/27/2013,Rocky Ridge (HZ),721163,9840367,happy zebra
S12462,8/27/2013,Rocky Ridge (HZ),721252,9840233,happy zebra
S12463,8/27/2013,Rocky Ridge (HZ),720694,9840452,happy zebra
S12464,8/28/2013,Oy Vey Den (HZ),0,0,happy zebra
S12465,8/30/2013,Oy Vey Den (HZ),0,0,happy zebra
S12465.1,8/30/2013,Burnt Crossing (Olare?),716092,9841317,happy zebra
S12466,8/31/2013,Oy Vey Den (HZ),0,0,happy zebra
S12467,8/31/2013,Blowin' in the Wind Tree (North),721196,9844141,happy zebra
S12468,9/3/2013,Oy Vey Den (HZ),0,0,happy zebra
S12469,9/5/2013,Oy Vey Den (HZ),0,0,happy zebra
S12470,9/5/2013,Men's Room (HZ),720332,9838558,happy zebra
S12471,9/5/2013,Burnt Crossing (Olare?),716127,9841313,happy zebra
S12472,9/5/2013,LBJ X (HZ?),720347,9839548,happy zebra
S12473,9/5/2013,LBJ X (HZ?),720347,9839548,happy zebra
S12474,9/5/2013,Scrawny Sausage Tree (HZ),0,0,happy zebra
S12475,9/6/2013,Oy Vey Den (HZ),0,0,happy zebra
S12476,9/6/2013,Oy Vey Den (HZ),721114,9839931,happy zebra
S12477,9/8/2013,Mashugana (HZ),0,0,happy zebra
S12478,9/8/2013,Grumpy Baby Elephant Crossing (HZ),717003,9841395,happy zebra
S12479,9/9/2013,Mashugana Den II (HZ),0,0,happy zebra
S12480,9/12/2013,Mashugana Den II (HZ),0,0,happy zebra
S12480.1,9/14/2013,Mashugana (HZ),0,0,happy zebra
S12481,9/14/2013,LBJ X (HZ?),0,0,happy zebra
S12482,9/15/2013,LBJ X (HZ?),0,0,happy zebra
S12483,9/15/2013,Mashugana Den II (HZ),0,0,happy zebra
S12484,9/19/2013,LBJ X (HZ?),0,0,happy zebra
S12485,9/19/2013,Serena Maji Fisi (HZ),0,0,happy zebra
S12486,9/19/2013,Mashugana Den II (HZ),0,0,happy zebra
S12487,9/23/2013,LBJ X (HZ?),0,0,happy zebra
S12488,9/23/2013,Rocky Ridge (HZ),720442,9840190,happy zebra
S12489,9/23/2013,Rocky Ridge (HZ),720432,9840753,happy zebra
S12490,9/24/2013,Rocky Ridge (HZ),720450,9840628,happy zebra
S12491,9/24/2013,Rocky Ridge (HZ),720650,9840466,happy zebra
S12492,9/24/2013,LBJ X (HZ?),0,0,happy zebra
S12493,10/1/2013,Bubula Den (HZ),0,0,happy zebra
S12494,10/1/2013,Egyptian Goose (HZ),718328,9839756,happy zebra
S12495,10/1/2013,Egyptian Goose (HZ),718347,9839800,happy zebra
S12496,10/2/2013,Breakfast Bush (North),719246,9840506,happy zebra
S12498,10/2/2013,Bubula Den (HZ),0,0,happy zebra
S12499,10/5/2013,The Giver (HZ),718557,9838621,happy zebra
S12500,10/5/2013,Egyptian Goose (HZ),0,0,happy zebra
S12501,10/6/2013,Pride Rock (HZ),0,0,happy zebra
S12503,10/9/2013,Egyptian Goose (HZ),718323,9839776,happy zebra
S12504,10/9/2013,Egyptian Goose (HZ),718450,9840517,happy zebra
S12505,10/14/2013,Egyptian Goose (HZ),0,0,happy zebra
S12506,10/14/2013,Egyptian Goose (HZ),718374,9839533,happy zebra
S12507,10/14/2013,Pride Rock (HZ),718489,9838912,happy zebra
S12508,10/14/2013,The Giver (HZ),718802,9838690,happy zebra
S12509,10/14/2013,Rumpy Culvert (HZ),0,0,happy zebra
S12509.1,10/14/2013,Men's Room (HZ),719934,9838359,happy zebra
S12510,10/14/2013,Serena Maji Fisi (HZ),719563,9838434,happy zebra
S12511,10/15/2013,Pride Rock (HZ),718396,9838978,happy zebra
S12512,10/15/2013,Rumpy Culvert (HZ),0,0,happy zebra
S12513,10/15/2013,Egyptian Goose (HZ),719074,9840170,happy zebra
S12514,10/15/2013,Egyptian Goose (HZ),718587,9840736,happy zebra
S12515,10/15/2013,Egyptian Goose (HZ),718171,9840093,happy zebra
S12516,10/15/2013,Pride Rock (HZ),718338,9839366,happy zebra
S12517,10/15/2013,,0,0,happy zebra
S12518,10/17/2013,Pride Rock (HZ),718476,9838938,happy zebra
S12519,10/17/2013,Rumpy Culvert (HZ),718548,9838131,happy zebra
S12520,10/17/2013,The Giver (HZ),718621,9838574,happy zebra
S12521,10/17/2013,Pride Rock (HZ),0,0,happy zebra
S12522,10/17/2013,The Giver (HZ),718596,9838636,happy zebra
S12523,10/17/2013,Rumpy Culvert (HZ),0,0,happy zebra
S12524,10/19/2013,Comatose Culvert (HZ),718427,9841200,happy zebra
S12525,10/19/2013,Egyptian Goose (HZ),718289,9840109,happy zebra
S12526,10/19/2013,Pride Rock (HZ),718262,9839381,happy zebra
S12524.2,10/19/2013,The Giver (HZ),718635,9838532,happy zebra
S12524.2,10/19/2013,The Giver (HZ),718717,9838720,happy zebra
S12524.2,10/19/2013,Rumpy Culvert (HZ),0,0,happy zebra
S125.1,10/19/2013,Egyptian Goose (HZ),0,0,happy zebra
S12525.1,10/19/2013,Kitty Corner (North),720509,9841514,happy zebra
S12526.1,10/20/2013,Serena Maji Fisi (HZ),0,0,happy zebra
S12527,10/20/2013,The Giver (HZ),718577,9838692,happy zebra
S12528,10/20/2013,Pride Rock (HZ),0,0,happy zebra
S12529,10/20/2013,Lost Turtle Lugga Crossing (),0,0,happy zebra
S12530,10/20/2013,Inselberg View (),717075,9838901,happy zebra
S12531,10/20/2013,Rumpy Culvert (HZ),718631,9838030,happy zebra
S12532,10/20/2013,Baobab Tree (HZ),0,0,happy zebra
S12533,10/20/2013,Pride Rock (HZ),718488,9838823,happy zebra
S12534,10/20/2013,Pride Rock (HZ),718491,9838823,happy zebra
S12535,10/20/2013,Pride Rock (HZ),0,0,happy zebra
S12536,10/20/2013,Comatose Culvert (HZ),718184,9841518,happy zebra
S12537,10/20/2013,Blowin' in the Wind Tree (North),720898,9844095,happy zebra
S12538,10/22/2013,Egyptian Goose (HZ),0,0,happy zebra
S12539,10/22/2013,Pride Rock (HZ),0,0,happy zebra
S12539.1,10/22/2013,Baobab Tree (HZ),717727,9837628,happy zebra
S12540,10/22/2013,Baobab Tree (HZ),717514,9837591,happy zebra
S12540.1,10/22/2013,Egyptian Goose (HZ),0,0,happy zebra
S12541,10/24/2013,Egyptian Goose (HZ),0,0,happy zebra
S12542,10/24/2013,Egyptian Goose (HZ),0,0,happy zebra
S12543,10/24/2013,Egyptian Goose (HZ),718291,9840135,happy zebra
S12544,10/24/2013,Knot Tree (North),719039,9843152,happy zebra
S12545,10/25/2013,Egyptian Goose (HZ),718254,9839761,happy zebra
S12546,10/25/2013,Pride Rock (HZ),0,0,happy zebra
S12547,10/27/2013,Culvert City (HZ),0,0,happy zebra
S12548,10/27/2013,Egyptian Goose (HZ),0,0,happy zebra
S12549,10/27/2013,Egyptian Goose (HZ),0,0,happy zebra
S12550,10/27/2013,Rumpy Culvert (HZ),0,0,happy zebra
S12551,10/27/2013,Culvert City (HZ),0,0,happy zebra
S12552,10/28/2013,Culvert City (HZ),0,0,happy zebra
S12553,10/28/2013,Egyptian Goose (HZ),718291,9840109,happy zebra
S12554,10/28/2013,Egyptian Goose (HZ),718337,9839719,happy zebra
S12554,10/28/2013,Egyptian Goose (HZ),718337,9839719,happy zebra
S12554,10/28/2013,Egyptian Goose (HZ),0,0,happy zebra
S12556,10/28/2013,Culvert City (HZ),718101,9842360,happy zebra
S12555,10/28/2013,Culvert City (HZ),0,0,happy zebra
S12557,10/30/2013,Comatose Culvert (HZ),0,0,happy zebra
S12558,10/30/2013,Comatose Culvert (HZ),718400,9841262,happy zebra
S12559,10/30/2013,Egyptian Goose (HZ),718235,9840134,happy zebra
S12560,10/30/2013,Egyptian Goose (HZ),0,0,happy zebra
S12561,10/30/2013,Rumpy Culvert (HZ),718776,9837476,happy zebra
S12562,10/30/2013,Long Gardenia Tree (),718331,9844961,happy zebra
S12562.1,10/30/2013,Long Gardenia Tree (),718332,9845340,happy zebra
S12563,10/30/2013,North Darting Tree (North),719360,9845704,happy zebra
S12564,10/31/2013,Egyptian Goose (HZ),0,0,happy zebra
S12565,10/31/2013,Pride Rock (HZ),718498,9838894,happy zebra
S12566,10/31/2013,Scrawny Sausage Tree (HZ),720154,9839454,happy zebra
S12567,10/31/2013,Egyptian Goose (HZ),0,0,happy zebra
S12568,11/2/2013,Culvert City (HZ),718439,9842749,happy zebra
S12569,11/2/2013,9km Marker (HZ),718078,9842217,happy zebra
S12570,11/2/2013,Comatose Culvert (HZ),718407,9841243,happy zebra
S12571,11/2/2013,Egyptian Goose (HZ),718287,9840069,happy zebra
S12572,11/2/2013,Egyptian Goose (HZ),718286,9839761,happy zebra
S12572,11/2/2013,Egyptian Goose (HZ),718339,9839699,happy zebra
S12573,11/2/2013,Comatose Culvert (HZ),0,0,happy zebra
S12574,11/2/2013,Egyptian Goose (HZ),718359,9840472,happy zebra
S12575,11/2/2013,Egyptian Goose (HZ),0,0,happy zebra
S12577,11/2/2013,Grumpy Baby Elephant Crossing (HZ),716387,9841263,happy zebra
S12578,11/2/2013,Culvert City (HZ),718512,9842769,happy zebra
S12579,11/4/2013,Culvert City (HZ),718526,9842766,happy zebra
S12580,11/4/2013,Egyptian Goose (HZ),0,0,happy zebra
S12580,11/4/2013,Egyptian Goose (HZ),718348,9829659,happy zebra
S12581,11/4/2013,Scrawny Sausage Tree (HZ),719769,9838645,happy zebra
S12582,11/4/2013,Egyptian Goose (HZ),0,0,happy zebra
S12583,11/4/2013,Inselberg View (),717192,9838925,happy zebra
S12584,11/5/2013,Egyptian Goose (HZ),718338,9839710,happy zebra
S12585,11/5/2013,Egyptian Goose (HZ),0,0,happy zebra
S12586,11/5/2013,Baobab Tree (HZ),717736,9837670,happy zebra
S12587,11/5/2013,Serena Maji Fisi (HZ),0,0,happy zebra
S12588,11/5/2013,Comatose Culvert (HZ),718419,9841229,happy zebra
S12589,11/5/2013,Comatose Culvert (HZ),0,0,happy zebra
S12590,11/5/2013,North Waterhole (HZ),719449,9842517,happy zebra
S12591,11/7/2013,Egyptian Goose (HZ),0,0,happy zebra
S12592,11/7/2013,Scrawny Sausage Tree (HZ),0,0,happy zebra
S12592,11/7/2013,Scrawny Sausage Tree (HZ),720251,9839241,happy zebra
S12593,11/7/2013,Grumpy Baby Elephant Crossing (HZ),717050,9841110,happy zebra
S12594,11/11/2013,Amazon Den (HZ),719666,9838587,happy zebra
S12595,11/11/2013,Egyptian Goose (HZ),719025,9840299,happy zebra
S12596,11/13/2013,Amazon Den (HZ),0,0,happy zebra
S12597,11/13/2013,Egyptian Goose (HZ),718335,9839726,happy zebra
S12598,11/14/2013,Egyptian Goose (HZ),0,0,happy zebra
S12599,11/16/2013,Egyptian Goose (HZ),0,0,happy zebra
S12600,11/16/2013,Amazon Den (HZ),0,0,happy zebra
S12601,11/16/2013,Egyptian Goose (HZ),0,0,happy zebra
S12602,11/16/2013,Windsor Den (HZ),0,0,happy zebra
S12603,11/17/2013,Windsor Den (HZ),0,0,happy zebra
S12604,11/17/2013,Comatose Culvert (HZ),0,0,happy zebra
S12605,11/17/2013,Comatose Culvert (HZ),718412,9841248,happy zebra
S12606,11/17/2013,Egyptian Goose (HZ),0,0,happy zebra
S12607,11/17/2013,Amazon Den (HZ),0,0,happy zebra
S12608,11/19/2013,Egyptian Goose (HZ),718372,9840516,happy zebra
S12609,11/19/2013,Egyptian Goose (HZ),0,0,happy zebra
S12610,11/19/2013,Amazon Den (HZ),0,0,happy zebra
S12611,11/19/2013,Metropolitan Tree (HZ),715579,9842298,happy zebra
S12612,11/19/2013,Windsor Den (HZ),0,0,happy zebra
S12613,11/23/2013,Hamerkop Rocks (),715694,9841885,happy zebra
S12614,11/23/2013,Metropolitan Tree (HZ),715632,9842031,happy zebra
S12615,11/23/2013,Metropolitan Tree (HZ),715728,9842730,happy zebra
S12616,11/23/2013,Windsor Den (HZ),0,0,happy zebra
S12617,11/23/2013,Comatose Culvert (HZ),0,0,happy zebra
S12618,11/23/2013,Amazon Den (HZ),0,0,happy zebra
S12619,11/24/2013,Comatose Culvert (HZ),0,0,happy zebra
S12620,11/24/2013,Amazon Den (HZ),0,0,happy zebra
S12621,11/24/2013,Serena Maji Fisi (HZ),719502,9838764,happy zebra
S12622,11/24/2013,Egyptian Goose (HZ),718617,9840729,happy zebra
S12623,11/24/2013,Ballerina Tree (South),716793,9842685,happy zebra
S12624,11/24/2013,Windsor Den (HZ),0,0,happy zebra
S12625,11/24/2013,Comatose Culvert (HZ),718249,9841443,happy zebra
S12626,11/26/2013,Windsor Den (HZ),0,0,happy zebra
S12627,11/26/2013,Amazon Den (HZ),0,0,happy zebra
S12628,11/27/2013,Windsor Den (HZ),0,0,happy zebra
S12629,11/27/2013,Baobab Tree (HZ),0,0,happy zebra
S12630,11/27/2013,Amazon Den (HZ),0,0,happy zebra
S12631,11/29/2013,Windsor Den (HZ),0,0,happy zebra
S12632,11/29/2013,Comatose Culvert (HZ),718409,9841243,happy zebra
S12633,11/29/2013,Pride Rock (HZ),0,0,happy zebra
S12634,11/29/2013,Amazon Den (HZ),0,0,happy zebra
S12635,11/29/2013,Comatose Culvert (HZ),0,0,happy zebra
S12636,11/29/2013,Culvert City (HZ),0,0,happy zebra
S12637,11/30/2013,Windsor Den (HZ),0,0,happy zebra
S12638,11/30/2013,Egyptian Goose (HZ),0,0,happy zebra
S12639,11/30/2013,Lost Turtle Lugga Crossing (),0,0,happy zebra
S12640,11/30/2013,Windsor Den (HZ),0,0,happy zebra
S12641,11/30/2013,Culvert City (HZ),0,0,happy zebra
S12642,12/3/2013,Amazon Den (HZ),0,0,happy zebra
S12643,12/3/2013,Murram Pit Three (HZ),718836,9836861,happy zebra
S12644,12/3/2013,Murram Pit Three (HZ),718901,9837004,happy zebra
S12645,12/3/2013,Comatose Culvert (HZ),718403,9841252,happy zebra
S12646,12/3/2013,Windsor Den (HZ),0,0,happy zebra
S12647,12/5/2013,Amazon Den (HZ),0,0,happy zebra
S12648,12/5/2013,Windsor Den (HZ),0,0,happy zebra
S12649,12/5/2013,Culvert City (HZ),0,0,happy zebra
S12650,12/7/2013,Amazon Den (HZ),0,0,happy zebra
S12651,12/7/2013,Comatose Culvert (HZ),718152,9841560,happy zebra
S12652,12/7/2013,Ballerina Tree (South),716999,9842478,happy zebra
S12653,12/7/2013,Windsor Den (HZ),0,0,happy zebra
S12654,12/7/2013,Amazon Den (HZ),0,0,happy zebra
S12656,12/7/2013,Serena Maji Fisi (HZ),719402,9838658,happy zebra
S12657,12/8/2013,Windsor Den (HZ),0,0,happy zebra
S12658,12/8/2013,Culvert City (HZ),0,0,happy zebra
S12659,12/8/2013,Hot Tubs (HZ),0,0,happy zebra
S12660,12/8/2013,Amazon Den (HZ),0,0,happy zebra
S12661,12/10/2013,Windsor Den (HZ),0,0,happy zebra
S12662,12/10/2013,Amazon Den (HZ),0,0,happy zebra
S12663,12/16/2013,Comatose Culvert (HZ),718410,9841245,happy zebra
S12664,12/16/2013,Amazon Den (HZ),0,0,happy zebra
S12665,12/19/2013,Windsor Den (HZ),0,0,happy zebra
S12666,12/19/2013,Amazon Den (HZ),0,0,happy zebra
S12667,12/19/2013,Amazon Den (HZ),0,0,happy zebra
S12668,12/27/2013,Amazon Den (HZ),0,0,happy zebra
S12669,12/27/2013,Egyptian Goose (HZ),0,0,happy zebra
S12670,12/27/2013,Amazon Den (HZ),719736,9838514,happy zebra
S12671,12/27/2013,Egyptian Goose (HZ),0,0,happy zebra
S12672,12/29/2013,Sneaky Crossing (HZ),717395,9841763,happy zebra
S12673,12/29/2013,Egyptian Goose (HZ),718401,9840595,happy zebra
S12674,12/29/2013,Egyptian Goose (HZ),0,0,happy zebra
S12675,12/29/2013,Pride Rock (HZ),718401,9839246,happy zebra
S12676,12/29/2013,Scrawny Sausage Tree (HZ),720249,9839425,happy zebra
S12677,1/2/2014,Windsor Den (HZ),0,0,happy zebra
S12678,1/2/2014,Comatose Culvert (HZ),718046,9841839,happy zebra
S12679,1/2/2014,Egyptian Goose (HZ),0,0,happy zebra
S12680,1/2/2014,Serena Maji Fisi (HZ),0,0,happy zebra
S12681,1/2/2014,Amazon Den (HZ),0,0,happy zebra
S12682,1/2/2014,LBJ X (HZ?),719535,9840236,happy zebra
S12683,1/2/2014,,718293,9840216,happy zebra
S12684,1/2/2014,Spring Crossing (),715779,9836212,happy zebra
S12685,1/2/2014,,718293,9840216,happy zebra
S12686,1/2/2014,North Waterhole (HZ),719933,9842728,happy zebra
S12687,1/5/2014,4km Marker (North),721322,9844287,happy zebra
S12688,1/5/2014,Egyptian Goose (HZ),718341,9839705,happy zebra
S12689,1/5/2014,Grumpy Baby Elephant Crossing (HZ),717035,9841120,happy zebra
S12690,1/5/2014,Windsor Den (HZ),0,0,happy zebra
S12690.1,1/5/2014,Sprout (South),702311,9843369,happy zebra
S12691,1/5/2014,Sprout (South),720345,9843449,happy zebra
S12692,1/8/2014,Windsor Den (HZ),0,0,happy zebra
S12693,1/8/2014,Inselberg View (),717227,9839028,happy zebra
S12694,1/8/2014,Pride Rock (HZ),0,0,happy zebra
S12695,1/11/2014,Windsor Den (HZ),0,0,happy zebra
S12696,1/12/2014,Windsor Den (HZ),0,0,happy zebra
S12697,1/14/2014,Windsor Den (HZ),0,0,happy zebra
S12698,1/15/2014,Windsor Den (HZ),0,0,happy zebra
S12699,1/17/2014,Windsor Den (HZ),0,0,happy zebra
S12700,1/17/2014,Culvert City (HZ),717671,9842448,happy zebra
S12701,1/17/2014,Serena Maji Fisi (HZ),719235,9838638,happy zebra
S12702,1/25/2014,Windsor Den (HZ),716603,9842821,happy zebra
S12703,1/25/2014,Windsor Den (HZ),0,0,happy zebra
S12704,1/27/2014,Windsor Den (HZ),0,0,happy zebra
S12704.1,1/27/2014,Lost Turtle Lugga Crossing (),717617,9839347,happy zebra
S12705,1/27/2014,Inselberg View (),717397,9838848,happy zebra
S12706,1/27/2014,Culvert City (HZ),0,0,happy zebra
S12707,1/28/2014,Comatose Culvert (HZ),0,0,happy zebra
S12708,1/28/2014,Windsor Den (HZ),0,0,happy zebra
S12709,1/30/2014,Hot Tubs (HZ),718864,9841965,happy zebra
S12710,1/30/2014,Inselberg View (),716937,9838773,happy zebra
S12711,1/30/2014,Comatose Culvert (HZ),0,0,happy zebra
S12712,1/30/2014,Windsor Den (HZ),0,0,happy zebra
S12713,2/1/2014,Windsor Den (HZ),0,0,happy zebra
S12714,2/1/2014,Sneaky Crossing (HZ),717083,9841632,happy zebra
S12715,2/1/2014,Pride Rock (HZ),718467,9838967,happy zebra
S12716,2/2/2014,Egyptian Goose (HZ),728394,9840152,happy zebra
S12717,2/2/2014,Egyptian Goose (HZ),718236,9840524,happy zebra
S12718,2/2/2014,Egyptian Goose (HZ),718157,9839819,happy zebra
S12718,2/2/2014,Egyptian Goose (HZ),718123,9840030,happy zebra
S12719,2/2/2014,Lost Turtle Lugga Crossing (),717574,9839296,happy zebra
S12720,2/2/2014,Egyptian Goose (HZ),718294,9840114,happy zebra
S12721,2/2/2014,Windsor Den (HZ),0,0,happy zebra
S12722,2/4/2014,Pride Rock (HZ),0,0,happy zebra
S12723,2/4/2014,Windsor Den (HZ),0,0,happy zebra
S12724,2/6/2014,Sprout (South),721582,9843871,happy zebra
S12725,2/6/2014,Windsor Den (HZ),0,0,happy zebra
S12726,2/6/2014,Lost Turtle Lugga Crossing (),717985,9839753,happy zebra
S12727,2/6/2014,Lost Turtle Lugga Crossing (),717607,9839151,happy zebra
S12728,2/6/2014,Lost Turtle Lugga Crossing (),717985,9839753,happy zebra
S12729,2/6/2014,Comatose Culvert (HZ),718481,9840881,happy zebra
S12730,2/8/2014,Windsor Den (HZ),0,0,happy zebra
S12731,2/8/2014,Egyptian Goose (HZ),718796,9840149,happy zebra
S12732,2/8/2014,LBJ X (HZ?),0,0,happy zebra
S12733,2/8/2014,Tigris D (HZ),0,0,happy zebra
S12734,2/8/2014,The Giver (HZ),718941,9838641,happy zebra
S12735,2/8/2014,Egyptian Goose (HZ),718333,9839731,happy zebra
S12736,2/9/2014,Dopey Topi X (HZ),716747,9838084,happy zebra
S12737,2/9/2014,Egyptian Goose (HZ),0,0,happy zebra
S12738,2/9/2014,Pride Rock (HZ),0,0,happy zebra
S12739,2/9/2014,Baobab Tree (HZ),718387,9838452,happy zebra
S12740,2/9/2014,Pride Rock (HZ),0,0,happy zebra
S12741,2/9/2014,Pride Rock (HZ),718412,9839314,happy zebra
S12742,2/9/2014,Egyptian Goose (HZ),0,0,happy zebra
S12743,2/9/2014,Scrawny Sausage Tree (HZ),720059,9839349,happy zebra
S12744,2/9/2014,Tigris D (HZ),0,0,happy zebra
S12745,2/9/2014,Comatose Culvert (HZ),718057,9841812,happy zebra
S12746,2/9/2014,Culvert City (HZ),718289,9842666,happy zebra
S12747,2/11/2014,Knot Tree (North),0,0,happy zebra
S12748,2/11/2014,The Giver (HZ),718709,9838550,happy zebra
S12749,2/11/2014,Lost Turtle Lugga Crossing (),0,0,happy zebra
S12750,2/11/2014,Sleepy Lion Mound (HZ),0,0,happy zebra
S12751,2/14/2014,Windsor Den (HZ),0,0,happy zebra
S12752,2/16/2014,Pride Rock (HZ),0,0,happy zebra
S12753,2/16/2014,Serena Maji Fisi (HZ),0,0,happy zebra
S12754,2/16/2014,Serena Maji Fisi (HZ),719450,9838431,happy zebra
S12755,2/16/2014,Tigris D (HZ),0,0,happy zebra
S12757,2/17/2014,Inselberg View (),717375,9839121,happy zebra
S12758,2/17/2014,Pride Rock (HZ),0,0,happy zebra
S12759,2/17/2014,Baobab Tree (HZ),0,0,happy zebra
S12760,2/17/2014,Tigris D (HZ),0,0,happy zebra
S12762,2/22/2014,North Waterhole (HZ),719853,9842652,happy zebra
S12763,2/22/2014,Windsor Den (HZ),0,0,happy zebra
S12764,2/22/2014,Sneaky Crossing (HZ),717660,9841274,happy zebra
S12765,2/22/2014,Lost Turtle Lugga Crossing (),717704,9839215,happy zebra
S12766,2/22/2014,Comatose Culvert (HZ),717755,9841592,happy zebra
S12767,2/22/2014,Tigris D (HZ),0,0,happy zebra
S12768,2/23/2014,Egyptian Goose (HZ),718318,9839829,happy zebra
S12769,2/23/2014,Pride Rock (HZ),0,0,happy zebra
S12770,2/23/2014,Rumpy Culvert (HZ),0,0,happy zebra
S12771,2/23/2014,Tigris D (HZ),0,0,happy zebra
S12772,2/24/2014,Tigris D (HZ),0,0,happy zebra
S12773,2/24/2014,Pride Rock (HZ),0,0,happy zebra
S12774,2/24/2014,Tigris D (HZ),0,0,happy zebra
S12775,2/24/2014,North Waterhole (HZ),719802,9842613,happy zebra
S12776,2/26/2014,Windsor Den (HZ),0,0,happy zebra
S12777,2/26/2014,Lost Turtle Lugga Crossing (),717613,9839341,happy zebra
S12778,2/26/2014,Inselberg View (),717429,9838914,happy zebra
S12779,2/26/2014,Comatose Culvert (HZ),0,0,happy zebra
S12780,2/26/2014,Pride Rock (HZ),0,0,happy zebra
S12781,2/26/2014,Grumpy Baby Elephant Crossing (HZ),717036,9841383,happy zebra
S12782,2/26/2014,Windsor Den (HZ),0,0,happy zebra
S12783,2/26/2014,Pride Rock (HZ),0,0,happy zebra
S12784,2/26/2014,Tigris D (HZ),0,0,happy zebra
S12785,2/26/2014,Serena Maji Fisi (HZ),718979,9838443,happy zebra
S12786,2/27/2014,Pride Rock (HZ),0,0,happy zebra
S12787,2/27/2014,Lost Turtle Lugga Crossing (),717806,9839517,happy zebra
S12788,2/27/2014,Pride Rock (HZ),0,0,happy zebra
S12789,2/27/2014,Sneaky Crossing (HZ),717338,9841733,happy zebra
S12790,3/1/2014,Egyptian Goose (HZ),0,0,happy zebra
S12791,3/1/2014,Comatose Culvert (HZ),0,0,happy zebra
S12794,3/1/2014,Tigris D (HZ),0,0,happy zebra
S12795,3/1/2014,Pride Rock (HZ),718352,9838747,happy zebra
S12795,3/1/2014,Pride Rock (HZ),718129,9838848,happy zebra
S12796,3/4/2014,Sleepy Lion Mound (HZ),0,0,happy zebra
S12798,3/4/2014,Tigris D (HZ),,,happy zebra
S12797,3/4/2014,Sneaky Crossing (HZ),717269,9841706,happy zebra
S12799,3/6/2014,Tigris D (HZ),0,0,happy zebra
S12800,3/6/2014,Windsor Den (HZ),0,0,happy zebra
S12801,3/7/2014,Windsor Den (HZ),0,0,happy zebra
S12802,3/7/2014,Pride Rock (HZ),718399,9838676,happy zebra
S12803,3/10/2014,Knot Tree (North),719268,9842540,happy zebra
S12804,3/10/2014,Knot Tree (North),718822,9842721,happy zebra
S12805,3/10/2014,Culvert City (HZ),718503,9842768,happy zebra
S12806,3/10/2014,Windsor Den (HZ),0,0,happy zebra
S12807,3/10/2014,Egyptian Goose (HZ),0,0,happy zebra
S12808,3/11/2014,Windsor Den (HZ),0,0,happy zebra
S12809,3/11/2014,Pride Rock (HZ),0,0,happy zebra
S12810,3/11/2014,Tigris D (HZ),0,0,happy zebra
S12811,3/11/2014,Pride Rock (HZ),0,0,happy zebra
S12812,3/18/2014,Rumpy Culvert (HZ),0,0,happy zebra
S12813,3/20/2014,Sprout (South),720459,9843686,happy zebra
S12814,3/20/2014,Tigris D (HZ),0,0,happy zebra
S12815,3/22/2014,Tigris D (HZ),0,0,happy zebra
S12816,3/22/2014,Egyptian Goose (HZ),718396,9840580,happy zebra
S12816,3/22/2014,LBJ X (HZ?),719255,9839866,happy zebra
S12817,3/22/2014,Kitty Corner (North),720712,9841909,happy zebra
S12818,3/23/2014,Egyptian Goose (HZ),0,0,happy zebra
S12819,3/27/2014,Knot Tree (North),718707,9842632,happy zebra
S12820,3/27/2014,Serena Maji Fisi (HZ),0,0,happy zebra
S12821,3/27/2014,Tigris D (HZ),0,0,happy zebra
S12822,3/27/2014,Serena Maji Fisi (HZ),719468,9838414,happy zebra
S12823,3/27/2014,Serena Maji Fisi (HZ),0,0,happy zebra
S12824,3/29/2014,Comatose Culvert (HZ),718144,9841480,happy zebra
S12825,3/29/2014,Tigris D (HZ),0,0,happy zebra
S12826,3/29/2014,Comatose Culvert (HZ),718315,9841370,happy zebra
